2023-08-02T04:29:00.000Z,8558573.00
2023-08-02T04:29:00.090Z,8558590.00
2023-08-02T04:29:00.180Z,8558639.00
2023-08-02T04:29:00.270Z,8558670.00
2023-08-02T04:29:00.360Z,8558613.00
2023-08-02T04:29:00.450Z,8558536.00
2023-08-02T04:29:00.550Z,8558535.00
2023-08-02T04:29:00.640Z,8558544.00
2023-08-02T04:29:00.730Z,8558514.00
2023-08-02T04:29:00.820Z,8558544.00
2023-08-02T04:29:00.910Z,8558611.00
2023-08-02T04:29:01.000Z,8558641.00
2023-08-02T04:29:01.090Z,8558601.00
2023-08-02T04:29:01.180Z,8558548.00
2023-08-02T04:29:01.270Z,8558555.00
2023-08-02T04:29:01.370Z,8558577.00
2023-08-02T04:29:01.460Z,8558574.00
2023-08-02T04:29:01.550Z,8558526.00
2023-08-02T04:29:01.640Z,8558466.00
2023-08-02T04:29:01.730Z,8558505.00
2023-08-02T04:29:01.820Z,8558560.00
2023-08-02T04:29:01.910Z,8558450.00
2023-08-02T04:29:02.000Z,8558459.00
2023-08-02T04:29:02.100Z,8558535.00
2023-08-02T04:29:02.190Z,8558511.00
2023-08-02T04:29:02.280Z,8558421.00
2023-08-02T04:29:02.370Z,8558399.00
2023-08-02T04:29:02.460Z,8558436.00
2023-08-02T04:29:02.550Z,8558451.00
2023-08-02T04:29:02.640Z,8558532.00
2023-08-02T04:29:02.730Z,8558582.00
2023-08-02T04:29:02.830Z,8558628.00
2023-08-02T04:29:02.920Z,8558573.00
2023-08-02T04:29:03.010Z,8558504.00
2023-08-02T04:29:03.100Z,8558578.00
2023-08-02T04:29:03.190Z,8558568.00
2023-08-02T04:29:03.280Z,8558549.00
2023-08-02T04:29:03.370Z,8558538.00
2023-08-02T04:29:03.460Z,8558534.00
2023-08-02T04:29:03.560Z,8558591.00
2023-08-02T04:29:03.650Z,8558490.00
2023-08-02T04:29:03.740Z,8558500.00
2023-08-02T04:29:03.830Z,8558596.00
2023-08-02T04:29:03.920Z,8558622.00
2023-08-02T04:29:04.010Z,8558491.00
2023-08-02T04:29:04.100Z,8558452.00
2023-08-02T04:29:04.190Z,8558462.00
2023-08-02T04:29:04.280Z,8558501.00
2023-08-02T04:29:04.380Z,8558561.00
2023-08-02T04:29:04.470Z,8558597.00
2023-08-02T04:29:04.560Z,8558615.00
2023-08-02T04:29:04.650Z,8558648.00
2023-08-02T04:29:04.740Z,8558574.00
2023-08-02T04:29:04.830Z,8558518.00
2023-08-02T04:29:04.920Z,8558514.00
2023-08-02T04:29:05.010Z,8558591.00
2023-08-02T04:29:05.110Z,8558585.00
2023-08-02T04:29:05.200Z,8558563.00
2023-08-02T04:29:05.290Z,8558552.00
2023-08-02T04:29:05.380Z,8558541.00
2023-08-02T04:29:05.470Z,8558507.00
2023-08-02T04:29:05.560Z,8558536.00
2023-08-02T04:29:05.650Z,8558582.00
2023-08-02T04:29:05.740Z,8558562.00
2023-08-02T04:29:05.840Z,8558399.00
2023-08-02T04:29:05.930Z,8558493.00
2023-08-02T04:29:06.020Z,8558507.00
2023-08-02T04:29:06.110Z,8558584.00
2023-08-02T04:29:06.200Z,8558548.00
2023-08-02T04:29:06.290Z,8558589.00
2023-08-02T04:29:06.380Z,8558604.00
2023-08-02T04:29:06.470Z,8558557.00
2023-08-02T04:29:06.560Z,8558550.00
2023-08-02T04:29:06.660Z,8558528.00
2023-08-02T04:29:06.750Z,8558548.00
2023-08-02T04:29:06.840Z,8558608.00
2023-08-02T04:29:06.930Z,8558583.00
2023-08-02T04:29:07.020Z,8558502.00
2023-08-02T04:29:07.110Z,8558508.00
2023-08-02T04:29:07.200Z,8558567.00
2023-08-02T04:29:07.290Z,8558520.00
2023-08-02T04:29:07.390Z,8558525.00
2023-08-02T04:29:07.480Z,8558533.00
2023-08-02T04:29:07.570Z,8558484.00
2023-08-02T04:29:07.660Z,8558519.00
2023-08-02T04:29:07.750Z,8558638.00
2023-08-02T04:29:07.840Z,8558608.00
2023-08-02T04:29:07.930Z,8558683.00
2023-08-02T04:29:08.020Z,8558650.00
2023-08-02T04:29:08.120Z,8558538.00
2023-08-02T04:29:08.210Z,8558522.00
2023-08-02T04:29:08.300Z,8558586.00
2023-08-02T04:29:08.390Z,8558556.00
2023-08-02T04:29:08.481Z,8558521.00
2023-08-02T04:29:08.571Z,8558617.00
2023-08-02T04:29:08.661Z,8558636.00
2023-08-02T04:29:08.751Z,8558506.00
2023-08-02T04:29:08.851Z,8558581.00
2023-08-02T04:29:08.941Z,8558579.00
2023-08-02T04:29:09.031Z,8558508.00
2023-08-02T04:29:09.121Z,8558566.00
2023-08-02T04:29:09.211Z,8558565.00
2023-08-02T04:29:09.301Z,8558526.00
2023-08-02T04:29:09.391Z,8558553.00
2023-08-02T04:29:09.481Z,8558636.00
2023-08-02T04:29:09.571Z,8558630.00
2023-08-02T04:29:09.671Z,8558540.00
2023-08-02T04:29:09.761Z,8558602.00
2023-08-02T04:29:09.851Z,8558548.00
2023-08-02T04:29:09.941Z,8558494.00
2023-08-02T04:29:10.031Z,8558502.00
2023-08-02T04:29:10.121Z,8558533.00
2023-08-02T04:29:10.211Z,8558610.00
2023-08-02T04:29:10.301Z,8558631.00
2023-08-02T04:29:10.401Z,8558536.00
2023-08-02T04:29:10.491Z,8558461.00
2023-08-02T04:29:10.581Z,8558514.00
2023-08-02T04:29:10.671Z,8558551.00
2023-08-02T04:29:10.761Z,8558530.00
2023-08-02T04:29:10.851Z,8558607.00
2023-08-02T04:29:10.941Z,8558601.00
2023-08-02T04:29:11.031Z,8558536.00
2023-08-02T04:29:11.121Z,8558617.00
2023-08-02T04:29:11.221Z,8558654.00
2023-08-02T04:29:11.311Z,8558644.00
2023-08-02T04:29:11.401Z,8558680.00
2023-08-02T04:29:11.491Z,8558671.00
2023-08-02T04:29:11.580Z,8558658.00
2023-08-02T04:29:11.671Z,8558707.00
2023-08-02T04:29:11.761Z,8558654.00
2023-08-02T04:29:11.851Z,8558559.00
2023-08-02T04:29:11.951Z,8558566.00
2023-08-02T04:29:12.041Z,8558598.00
2023-08-02T04:29:12.131Z,8558565.00
2023-08-02T04:29:12.221Z,8558472.00
2023-08-02T04:29:12.311Z,8558488.00
2023-08-02T04:29:12.401Z,8558559.00
2023-08-02T04:29:12.491Z,8558626.00
2023-08-02T04:29:12.581Z,8558596.00
2023-08-02T04:29:12.681Z,8558551.00
2023-08-02T04:29:12.771Z,8558534.00
2023-08-02T04:29:12.861Z,8558520.00
2023-08-02T04:29:12.951Z,8558502.00
2023-08-02T04:29:13.041Z,8558461.00
2023-08-02T04:29:13.131Z,8558533.00
2023-08-02T04:29:13.221Z,8558556.00
2023-08-02T04:29:13.311Z,8558564.00
2023-08-02T04:29:13.411Z,8558534.00
2023-08-02T04:29:13.500Z,8558520.00
2023-08-02T04:29:13.591Z,8558620.00
2023-08-02T04:29:13.681Z,8558554.00
2023-08-02T04:29:13.771Z,8558584.00
2023-08-02T04:29:13.861Z,8558719.00
2023-08-02T04:29:13.951Z,8558726.00
2023-08-02T04:29:14.041Z,8558627.00
2023-08-02T04:29:14.141Z,8558646.00
2023-08-02T04:29:14.231Z,8558619.00
2023-08-02T04:29:14.320Z,8558599.00
2023-08-02T04:29:14.411Z,8558586.00
2023-08-02T04:29:14.501Z,8558534.00
2023-08-02T04:29:14.591Z,8558581.00
2023-08-02T04:29:14.681Z,8558539.00
2023-08-02T04:29:14.771Z,8558531.00
2023-08-02T04:29:14.861Z,8558545.00
2023-08-02T04:29:14.961Z,8558521.00
2023-08-02T04:29:15.051Z,8558559.00
2023-08-02T04:29:15.141Z,8558597.00
2023-08-02T04:29:15.230Z,8558570.00
2023-08-02T04:29:15.321Z,8558526.00
2023-08-02T04:29:15.411Z,8558605.00
2023-08-02T04:29:15.501Z,8558595.00
2023-08-02T04:29:15.591Z,8558563.00
2023-08-02T04:29:15.691Z,8558634.00
2023-08-02T04:29:15.781Z,8558662.00
2023-08-02T04:29:15.871Z,8558564.00
2023-08-02T04:29:15.961Z,8558570.00
2023-08-02T04:29:16.050Z,8558633.00
2023-08-02T04:29:16.141Z,8558606.00
2023-08-02T04:29:16.231Z,8558606.00
2023-08-02T04:29:16.321Z,8558533.00
2023-08-02T04:29:16.421Z,8558469.00
2023-08-02T04:29:16.511Z,8558631.00
2023-08-02T04:29:16.601Z,8558689.00
2023-08-02T04:29:16.691Z,8558570.00
2023-08-02T04:29:16.781Z,8558526.00
2023-08-02T04:29:16.871Z,8558533.00
2023-08-02T04:29:16.961Z,8558625.00
2023-08-02T04:29:17.051Z,8558641.00
2023-08-02T04:29:17.141Z,8558605.00
2023-08-02T04:29:17.241Z,8558644.00
2023-08-02T04:29:17.331Z,8558618.00
2023-08-02T04:29:17.421Z,8558530.00
2023-08-02T04:29:17.511Z,8558570.00
2023-08-02T04:29:17.601Z,8558528.00
2023-08-02T04:29:17.690Z,8558596.00
2023-08-02T04:29:17.781Z,8558630.00
2023-08-02T04:29:17.871Z,8558522.00
2023-08-02T04:29:17.971Z,8558594.00
2023-08-02T04:29:18.061Z,8558617.00
2023-08-02T04:29:18.151Z,8558600.00
2023-08-02T04:29:18.241Z,8558608.00
2023-08-02T04:29:18.331Z,8558548.00
2023-08-02T04:29:18.421Z,8558539.00
2023-08-02T04:29:18.510Z,8558511.00
2023-08-02T04:29:18.601Z,8558487.00
2023-08-02T04:29:18.701Z,8558594.00
2023-08-02T04:29:18.791Z,8558553.00
2023-08-02T04:29:18.881Z,8558494.00
2023-08-02T04:29:18.971Z,8558565.00
2023-08-02T04:29:19.061Z,8558567.00
2023-08-02T04:29:19.151Z,8558555.00
2023-08-02T04:29:19.241Z,8558673.00
2023-08-02T04:29:19.330Z,8558670.00
2023-08-02T04:29:19.421Z,8558574.00
2023-08-02T04:29:19.521Z,8558504.00
2023-08-02T04:29:19.611Z,8558540.00
2023-08-02T04:29:19.701Z,8558564.00
2023-08-02T04:29:19.791Z,8558520.00
2023-08-02T04:29:19.881Z,8558483.00
2023-08-02T04:29:19.971Z,8558541.00
2023-08-02T04:29:20.061Z,8558657.00
2023-08-02T04:29:20.150Z,8558642.00
2023-08-02T04:29:20.251Z,8558594.00
2023-08-02T04:29:20.341Z,8558526.00
2023-08-02T04:29:20.431Z,8558531.00
2023-08-02T04:29:20.521Z,8558564.00
2023-08-02T04:29:20.611Z,8558606.00
2023-08-02T04:29:20.701Z,8558568.00
2023-08-02T04:29:20.791Z,8558556.00
2023-08-02T04:29:20.881Z,8558537.00
2023-08-02T04:29:20.981Z,8558463.00
2023-08-02T04:29:21.070Z,8558510.00
2023-08-02T04:29:21.161Z,8558507.00
2023-08-02T04:29:21.251Z,8558533.00
2023-08-02T04:29:21.341Z,8558506.00
2023-08-02T04:29:21.431Z,8558488.00
2023-08-02T04:29:21.521Z,8558439.00
2023-08-02T04:29:21.611Z,8558533.00
2023-08-02T04:29:21.701Z,8558615.00
2023-08-02T04:29:21.801Z,8558601.00
2023-08-02T04:29:21.890Z,8558623.00
2023-08-02T04:29:21.981Z,8558634.00
2023-08-02T04:29:22.071Z,8558643.00
2023-08-02T04:29:22.161Z,8558628.00
2023-08-02T04:29:22.251Z,8558615.00
2023-08-02T04:29:22.341Z,8558485.00
2023-08-02T04:29:22.431Z,8558491.00
2023-08-02T04:29:22.531Z,8558549.00
2023-08-02T04:29:22.621Z,8558650.00
2023-08-02T04:29:22.710Z,8558634.00
2023-08-02T04:29:22.801Z,8558543.00
2023-08-02T04:29:22.891Z,8558501.00
2023-08-02T04:29:22.981Z,8558544.00
2023-08-02T04:29:23.071Z,8558580.00
2023-08-02T04:29:23.161Z,8558601.00
2023-08-02T04:29:23.261Z,8558496.00
2023-08-02T04:29:23.351Z,8558546.00
2023-08-02T04:29:23.440Z,8558552.00
2023-08-02T04:29:23.530Z,8558601.00
2023-08-02T04:29:23.620Z,8558521.00
2023-08-02T04:29:23.710Z,8558604.00
2023-08-02T04:29:23.800Z,8558542.00
2023-08-02T04:29:23.890Z,8558517.00
2023-08-02T04:29:23.990Z,8558575.00
2023-08-02T04:29:24.080Z,8558633.00
2023-08-02T04:29:24.171Z,8558592.00
2023-08-02T04:29:24.260Z,8558424.00
2023-08-02T04:29:24.350Z,8558412.00
2023-08-02T04:29:24.440Z,8558610.00
2023-08-02T04:29:24.530Z,8558625.00
2023-08-02T04:29:24.620Z,8558470.00
2023-08-02T04:29:24.710Z,8558501.00
2023-08-02T04:29:24.810Z,8558566.00
2023-08-02T04:29:24.900Z,8558482.00
2023-08-02T04:29:24.990Z,8558554.00
2023-08-02T04:29:25.080Z,8558635.00
2023-08-02T04:29:25.170Z,8558628.00
2023-08-02T04:29:25.260Z,8558512.00
2023-08-02T04:29:25.350Z,8558591.00
2023-08-02T04:29:25.440Z,8558590.00
2023-08-02T04:29:25.540Z,8558617.00
2023-08-02T04:29:25.630Z,8558594.00
2023-08-02T04:29:25.720Z,8558529.00
2023-08-02T04:29:25.810Z,8558562.00
2023-08-02T04:29:25.900Z,8558603.00
2023-08-02T04:29:25.990Z,8558601.00
2023-08-02T04:29:26.080Z,8558685.00
2023-08-02T04:29:26.170Z,8558625.00
2023-08-02T04:29:26.270Z,8558574.00
2023-08-02T04:29:26.360Z,8558536.00
2023-08-02T04:29:26.450Z,8558489.00
2023-08-02T04:29:26.540Z,8558547.00
2023-08-02T04:29:26.630Z,8558520.00
2023-08-02T04:29:26.720Z,8558544.00
2023-08-02T04:29:26.811Z,8558528.00
2023-08-02T04:29:26.900Z,8558541.00
2023-08-02T04:29:26.990Z,8558515.00
2023-08-02T04:29:27.090Z,8558566.00
2023-08-02T04:29:27.180Z,8558623.00
2023-08-02T04:29:27.270Z,8558558.00
2023-08-02T04:29:27.360Z,8558484.00
2023-08-02T04:29:27.450Z,8558607.00
2023-08-02T04:29:27.540Z,8558686.00
2023-08-02T04:29:27.630Z,8558705.00
2023-08-02T04:29:27.720Z,8558598.00
2023-08-02T04:29:27.820Z,8558569.00
2023-08-02T04:29:27.910Z,8558576.00
2023-08-02T04:29:28.000Z,8558617.00
2023-08-02T04:29:28.090Z,8558594.00
2023-08-02T04:29:28.180Z,8558550.00
2023-08-02T04:29:28.270Z,8558607.00
2023-08-02T04:29:28.360Z,8558566.00
2023-08-02T04:29:28.450Z,8558479.00
2023-08-02T04:29:28.550Z,8558622.00
2023-08-02T04:29:28.640Z,8558619.00
2023-08-02T04:29:28.730Z,8558562.00
2023-08-02T04:29:28.820Z,8558567.00
2023-08-02T04:29:28.910Z,8558591.00
2023-08-02T04:29:29.000Z,8558635.00
2023-08-02T04:29:29.090Z,8558616.00
2023-08-02T04:29:29.180Z,8558528.00
2023-08-02T04:29:29.270Z,8558544.00
2023-08-02T04:29:29.371Z,8558679.00
2023-08-02T04:29:29.460Z,8558569.00
2023-08-02T04:29:29.550Z,8558556.00
2023-08-02T04:29:29.640Z,8558599.00
2023-08-02T04:29:29.730Z,8558650.00
2023-08-02T04:29:29.820Z,8558624.00
2023-08-02T04:29:29.910Z,8558611.00
2023-08-02T04:29:30.000Z,8558619.00
2023-08-02T04:29:30.100Z,8558563.00
2023-08-02T04:29:30.190Z,8558507.00
2023-08-02T04:29:30.280Z,8558568.00
2023-08-02T04:29:30.370Z,8558574.00
2023-08-02T04:29:30.460Z,8558634.00
2023-08-02T04:29:30.550Z,8558635.00
2023-08-02T04:29:30.640Z,8558722.00
2023-08-02T04:29:30.730Z,8558604.00
2023-08-02T04:29:30.830Z,8558557.00
2023-08-02T04:29:30.921Z,8558573.00
2023-08-02T04:29:31.010Z,8558596.00
2023-08-02T04:29:31.100Z,8558577.00
2023-08-02T04:29:31.190Z,8558583.00
2023-08-02T04:29:31.280Z,8558584.00
2023-08-02T04:29:31.370Z,8558571.00
2023-08-02T04:29:31.460Z,8558549.00
2023-08-02T04:29:31.560Z,8558594.00
2023-08-02T04:29:31.650Z,8558562.00
2023-08-02T04:29:31.740Z,8558585.00
2023-08-02T04:29:31.830Z,8558713.00
2023-08-02T04:29:31.920Z,8558669.00
2023-08-02T04:29:32.010Z,8558582.00
2023-08-02T04:29:32.100Z,8558554.00
2023-08-02T04:29:32.190Z,8558621.00
2023-08-02T04:29:32.280Z,8558660.00
2023-08-02T04:29:32.380Z,8558520.00
2023-08-02T04:29:32.470Z,8558502.00
2023-08-02T04:29:32.560Z,8558549.00
2023-08-02T04:29:32.650Z,8558614.00
2023-08-02T04:29:32.740Z,8558592.00
2023-08-02T04:29:32.830Z,8558535.00
2023-08-02T04:29:32.920Z,8558592.00
2023-08-02T04:29:33.010Z,8558564.00
2023-08-02T04:29:33.110Z,8558603.00
2023-08-02T04:29:33.200Z,8558534.00
2023-08-02T04:29:33.290Z,8558549.00
2023-08-02T04:29:33.380Z,8558574.00
2023-08-02T04:29:33.471Z,8558546.00
2023-08-02T04:29:33.560Z,8558549.00
2023-08-02T04:29:33.650Z,8558593.00
2023-08-02T04:29:33.740Z,8558548.00
2023-08-02T04:29:33.840Z,8558521.00
2023-08-02T04:29:33.930Z,8558586.00
2023-08-02T04:29:34.020Z,8558621.00
2023-08-02T04:29:34.110Z,8558630.00
2023-08-02T04:29:34.200Z,8558631.00
2023-08-02T04:29:34.290Z,8558600.00
2023-08-02T04:29:34.380Z,8558558.00
2023-08-02T04:29:34.470Z,8558592.00
2023-08-02T04:29:34.560Z,8558647.00
2023-08-02T04:29:34.660Z,8558616.00
2023-08-02T04:29:34.750Z,8558619.00
2023-08-02T04:29:34.840Z,8558555.00
2023-08-02T04:29:34.930Z,8558566.00
2023-08-02T04:29:35.020Z,8558596.00
2023-08-02T04:29:35.110Z,8558598.00
2023-08-02T04:29:35.200Z,8558600.00
2023-08-02T04:29:35.290Z,8558606.00
2023-08-02T04:29:35.390Z,8558650.00
2023-08-02T04:29:35.480Z,8558580.00
2023-08-02T04:29:35.570Z,8558559.00
2023-08-02T04:29:35.660Z,8558543.00
2023-08-02T04:29:35.750Z,8558564.00
2023-08-02T04:29:35.840Z,8558594.00
2023-08-02T04:29:35.930Z,8558593.00
2023-08-02T04:29:36.020Z,8558656.00
2023-08-02T04:29:36.110Z,8558652.00
2023-08-02T04:29:36.210Z,8558595.00
2023-08-02T04:29:36.300Z,8558590.00
2023-08-02T04:29:36.390Z,8558681.00
2023-08-02T04:29:36.480Z,8558618.00
2023-08-02T04:29:36.570Z,8558555.00
2023-08-02T04:29:36.660Z,8558568.00
2023-08-02T04:29:36.750Z,8558608.00
2023-08-02T04:29:36.840Z,8558620.00
2023-08-02T04:29:36.940Z,8558625.00
2023-08-02T04:29:37.030Z,8558693.00
2023-08-02T04:29:37.120Z,8558674.00
2023-08-02T04:29:37.210Z,8558593.00
2023-08-02T04:29:37.300Z,8558523.00
2023-08-02T04:29:37.390Z,8558585.00
2023-08-02T04:29:37.480Z,8558559.00
2023-08-02T04:29:37.570Z,8558599.00
2023-08-02T04:29:37.670Z,8558531.00
2023-08-02T04:29:37.760Z,8558576.00
2023-08-02T04:29:37.850Z,8558636.00
2023-08-02T04:29:37.940Z,8558543.00
2023-08-02T04:29:38.030Z,8558432.00
2023-08-02T04:29:38.120Z,8558502.00
2023-08-02T04:29:38.210Z,8558503.00
2023-08-02T04:29:38.300Z,8558557.00
2023-08-02T04:29:38.403Z,8558541.00
2023-08-02T04:29:38.476Z,8558463.00
2023-08-02T04:29:38.576Z,8558583.00
2023-08-02T04:29:38.667Z,8558626.00
2023-08-02T04:29:38.756Z,8558610.00
2023-08-02T04:29:38.846Z,8558613.00
2023-08-02T04:29:38.936Z,8558558.00
2023-08-02T04:29:39.026Z,8558603.00
2023-08-02T04:29:39.116Z,8558674.00
2023-08-02T04:29:39.216Z,8558690.00
2023-08-02T04:29:39.306Z,8558656.00
2023-08-02T04:29:39.396Z,8558623.00
2023-08-02T04:29:39.486Z,8558616.00
2023-08-02T04:29:39.576Z,8558569.00
2023-08-02T04:29:39.667Z,8558540.00
2023-08-02T04:29:39.756Z,8558521.00
2023-08-02T04:29:39.846Z,8558584.00
2023-08-02T04:29:39.946Z,8558618.00
2023-08-02T04:29:40.036Z,8558607.00
2023-08-02T04:29:40.126Z,8558567.00
2023-08-02T04:29:40.216Z,8558661.00
2023-08-02T04:29:40.306Z,8558684.00
2023-08-02T04:29:40.396Z,8558594.00
2023-08-02T04:29:40.486Z,8558639.00
2023-08-02T04:29:40.576Z,8558713.00
2023-08-02T04:29:40.676Z,8558665.00
2023-08-02T04:29:40.766Z,8558634.00
2023-08-02T04:29:40.856Z,8558669.00
2023-08-02T04:29:40.947Z,8558625.00
2023-08-02T04:29:41.036Z,8558597.00
2023-08-02T04:29:41.126Z,8558674.00
2023-08-02T04:29:41.216Z,8558663.00
2023-08-02T04:29:41.306Z,8558566.00
2023-08-02T04:29:41.406Z,8558558.00
2023-08-02T04:29:41.496Z,8558549.00
2023-08-02T04:29:41.586Z,8558560.00
2023-08-02T04:29:41.676Z,8558491.00
2023-08-02T04:29:41.766Z,8558567.00
2023-08-02T04:29:41.856Z,8558593.00
2023-08-02T04:29:41.946Z,8558638.00
2023-08-02T04:29:42.036Z,8558617.00
2023-08-02T04:29:42.126Z,8558533.00
2023-08-02T04:29:42.226Z,8558614.00
2023-08-02T04:29:42.316Z,8558581.00
2023-08-02T04:29:42.406Z,8558605.00
2023-08-02T04:29:42.496Z,8558539.00
2023-08-02T04:29:42.586Z,8558519.00
2023-08-02T04:29:42.676Z,8558560.00
2023-08-02T04:29:42.766Z,8558493.00
2023-08-02T04:29:42.856Z,8558413.00
2023-08-02T04:29:42.956Z,8558496.00
2023-08-02T04:29:43.046Z,8558604.00
2023-08-02T04:29:43.136Z,8558549.00
2023-08-02T04:29:43.226Z,8558497.00
2023-08-02T04:29:43.316Z,8558485.00
2023-08-02T04:29:43.406Z,8558541.00
2023-08-02T04:29:43.496Z,8558603.00
2023-08-02T04:29:43.586Z,8558653.00
2023-08-02T04:29:43.686Z,8558586.00
2023-08-02T04:29:43.776Z,8558551.00
2023-08-02T04:29:43.866Z,8558496.00
2023-08-02T04:29:43.956Z,8558581.00
2023-08-02T04:29:44.046Z,8558634.00
2023-08-02T04:29:44.136Z,8558579.00
2023-08-02T04:29:44.226Z,8558612.00
2023-08-02T04:29:44.316Z,8558576.00
2023-08-02T04:29:44.406Z,8558535.00
2023-08-02T04:29:44.506Z,8558573.00
2023-08-02T04:29:44.596Z,8558546.00
2023-08-02T04:29:44.686Z,8558608.00
2023-08-02T04:29:44.776Z,8558613.00
2023-08-02T04:29:44.866Z,8558620.00
2023-08-02T04:29:44.956Z,8558645.00
2023-08-02T04:29:45.046Z,8558596.00
2023-08-02T04:29:45.137Z,8558517.00
2023-08-02T04:29:45.236Z,8558595.00
2023-08-02T04:29:45.326Z,8558565.00
2023-08-02T04:29:45.416Z,8558565.00
2023-08-02T04:29:45.506Z,8558633.00
2023-08-02T04:29:45.596Z,8558575.00
2023-08-02T04:29:45.686Z,8558506.00
2023-08-02T04:29:45.776Z,8558541.00
2023-08-02T04:29:45.866Z,8558549.00
2023-08-02T04:29:45.966Z,8558607.00
2023-08-02T04:29:46.056Z,8558593.00
2023-08-02T04:29:46.146Z,8558543.00
2023-08-02T04:29:46.236Z,8558637.00
2023-08-02T04:29:46.326Z,8558641.00
2023-08-02T04:29:46.416Z,8558598.00
2023-08-02T04:29:46.506Z,8558576.00
2023-08-02T04:29:46.596Z,8558718.00
2023-08-02T04:29:46.686Z,8558710.00
2023-08-02T04:29:46.786Z,8558620.00
2023-08-02T04:29:46.876Z,8558598.00
2023-08-02T04:29:46.966Z,8558503.00
2023-08-02T04:29:47.056Z,8558510.00
2023-08-02T04:29:47.146Z,8558482.00
2023-08-02T04:29:47.236Z,8558527.00
2023-08-02T04:29:47.326Z,8558531.00
2023-08-02T04:29:47.416Z,8558533.00
2023-08-02T04:29:47.516Z,8558572.00
2023-08-02T04:29:47.606Z,8558630.00
2023-08-02T04:29:47.697Z,8558692.00
2023-08-02T04:29:47.786Z,8558614.00
2023-08-02T04:29:47.876Z,8558564.00
2023-08-02T04:29:47.966Z,8558572.00
2023-08-02T04:29:48.056Z,8558558.00
2023-08-02T04:29:48.146Z,8558553.00
2023-08-02T04:29:48.246Z,8558605.00
2023-08-02T04:29:48.337Z,8558638.00
2023-08-02T04:29:48.426Z,8558605.00
2023-08-02T04:29:48.516Z,8558573.00
2023-08-02T04:29:48.606Z,8558524.00
2023-08-02T04:29:48.696Z,8558529.00
2023-08-02T04:29:48.786Z,8558610.00
2023-08-02T04:29:48.876Z,8558527.00
2023-08-02T04:29:48.966Z,8558479.00
2023-08-02T04:29:49.066Z,8558612.00
2023-08-02T04:29:49.156Z,8558717.00
2023-08-02T04:29:49.246Z,8558738.00
2023-08-02T04:29:49.337Z,8558673.00
2023-08-02T04:29:49.426Z,8558629.00
2023-08-02T04:29:49.516Z,8558705.00
2023-08-02T04:29:49.606Z,8558643.00
2023-08-02T04:29:49.696Z,8558720.00
2023-08-02T04:29:49.796Z,8558662.00
2023-08-02T04:29:49.886Z,8558643.00
2023-08-02T04:29:49.976Z,8558669.00
2023-08-02T04:29:50.066Z,8558647.00
2023-08-02T04:29:50.156Z,8558560.00
2023-08-02T04:29:50.246Z,8558555.00
2023-08-02T04:29:50.337Z,8558548.00
2023-08-02T04:29:50.426Z,8558477.00
2023-08-02T04:29:50.526Z,8558539.00
2023-08-02T04:29:50.616Z,8558637.00
2023-08-02T04:29:50.706Z,8558676.00
2023-08-02T04:29:50.796Z,8558673.00
2023-08-02T04:29:50.886Z,8558742.00
2023-08-02T04:29:50.976Z,8558577.00
2023-08-02T04:29:51.066Z,8558547.00
2023-08-02T04:29:51.156Z,8558622.00
2023-08-02T04:29:51.246Z,8558712.00
2023-08-02T04:29:51.346Z,8558729.00
2023-08-02T04:29:51.436Z,8558682.00
2023-08-02T04:29:51.526Z,8558608.00
2023-08-02T04:29:51.616Z,8558582.00
2023-08-02T04:29:51.706Z,8558623.00
2023-08-02T04:29:51.797Z,8558571.00
2023-08-02T04:29:51.886Z,8558519.00
2023-08-02T04:29:51.976Z,8558585.00
2023-08-02T04:29:52.076Z,8558625.00
2023-08-02T04:29:52.167Z,8558551.00
2023-08-02T04:29:52.256Z,8558545.00
2023-08-02T04:29:52.346Z,8558625.00
2023-08-02T04:29:52.436Z,8558673.00
2023-08-02T04:29:52.526Z,8558680.00
2023-08-02T04:29:52.616Z,8558640.00
2023-08-02T04:29:52.706Z,8558644.00
2023-08-02T04:29:52.806Z,8558591.00
2023-08-02T04:29:52.896Z,8558504.00
2023-08-02T04:29:52.986Z,8558588.00
2023-08-02T04:29:53.076Z,8558575.00
2023-08-02T04:29:53.167Z,8558601.00
2023-08-02T04:29:53.256Z,8558638.00
2023-08-02T04:29:53.346Z,8558618.00
2023-08-02T04:29:53.440Z,8558600.00
2023-08-02T04:29:53.540Z,8558586.00
2023-08-02T04:29:53.630Z,8558502.00
2023-08-02T04:29:53.720Z,8558562.00
2023-08-02T04:29:53.810Z,8558605.00
2023-08-02T04:29:53.900Z,8558483.00
2023-08-02T04:29:53.990Z,8558517.00
2023-08-02T04:29:54.080Z,8558560.00
2023-08-02T04:29:54.170Z,8558559.00
2023-08-02T04:29:54.260Z,8558625.00
2023-08-02T04:29:54.360Z,8558561.00
2023-08-02T04:29:54.450Z,8558512.00
2023-08-02T04:29:54.540Z,8558645.00
2023-08-02T04:29:54.630Z,8558608.00
2023-08-02T04:29:54.720Z,8558628.00
2023-08-02T04:29:54.810Z,8558652.00
2023-08-02T04:29:54.900Z,8558614.00
2023-08-02T04:29:54.990Z,8558614.00
2023-08-02T04:29:55.090Z,8558606.00
2023-08-02T04:29:55.180Z,8558630.00
2023-08-02T04:29:55.270Z,8558713.00
2023-08-02T04:29:55.360Z,8558612.00
2023-08-02T04:29:55.450Z,8558587.00
2023-08-02T04:29:55.540Z,8558568.00
2023-08-02T04:29:55.630Z,8558607.00
2023-08-02T04:29:55.720Z,8558625.00
2023-08-02T04:29:55.820Z,8558692.00
2023-08-02T04:29:55.910Z,8558716.00
2023-08-02T04:29:56.000Z,8558664.00
2023-08-02T04:29:56.090Z,8558615.00
2023-08-02T04:29:56.180Z,8558538.00
2023-08-02T04:29:56.270Z,8558609.00
2023-08-02T04:29:56.360Z,8558667.00
2023-08-02T04:29:56.450Z,8558587.00
2023-08-02T04:29:56.540Z,8558600.00
2023-08-02T04:29:56.640Z,8558630.00
2023-08-02T04:29:56.730Z,8558626.00
2023-08-02T04:29:56.820Z,8558598.00
2023-08-02T04:29:56.910Z,8558536.00
2023-08-02T04:29:57.000Z,8558550.00
2023-08-02T04:29:57.090Z,8558535.00
2023-08-02T04:29:57.180Z,8558532.00
2023-08-02T04:29:57.270Z,8558631.00
2023-08-02T04:29:57.370Z,8558594.00
2023-08-02T04:29:57.460Z,8558549.00
2023-08-02T04:29:57.550Z,8558509.00
2023-08-02T04:29:57.640Z,8558521.00
2023-08-02T04:29:57.730Z,8558590.00
2023-08-02T04:29:57.820Z,8558568.00
2023-08-02T04:29:57.910Z,8558563.00
2023-08-02T04:29:58.000Z,8558562.00
2023-08-02T04:29:58.100Z,8558576.00
2023-08-02T04:29:58.190Z,8558526.00
2023-08-02T04:29:58.280Z,8558504.00
2023-08-02T04:29:58.370Z,8558623.00
2023-08-02T04:29:58.460Z,8558599.00
2023-08-02T04:29:58.550Z,8558660.00
2023-08-02T04:29:58.640Z,8558635.00
2023-08-02T04:29:58.730Z,8558528.00
2023-08-02T04:29:58.820Z,8558476.00
2023-08-02T04:29:58.920Z,8558438.00
2023-08-02T04:29:59.010Z,8558497.00
2023-08-02T04:29:59.100Z,8558574.00
2023-08-02T04:29:59.190Z,8558599.00
2023-08-02T04:29:59.280Z,8558588.00
2023-08-02T04:29:59.370Z,8558556.00
2023-08-02T04:29:59.460Z,8558506.00
2023-08-02T04:29:59.550Z,8558606.00
2023-08-02T04:29:59.650Z,8558542.00
2023-08-02T04:29:59.740Z,8558609.00
2023-08-02T04:29:59.830Z,8558595.00
2023-08-02T04:29:59.920Z,8558510.00
2023-08-02T04:30:00.010Z,8558495.00
2023-08-02T04:30:00.100Z,8558515.00
2023-08-02T04:30:00.190Z,8558573.00
2023-08-02T04:30:00.280Z,8558660.00
2023-08-02T04:30:00.380Z,8558618.00
2023-08-02T04:30:00.470Z,8558585.00
2023-08-02T04:30:00.560Z,8558647.00
2023-08-02T04:30:00.650Z,8558615.00
2023-08-02T04:30:00.740Z,8558564.00
2023-08-02T04:30:00.830Z,8558465.00
2023-08-02T04:30:00.920Z,8558553.00
2023-08-02T04:30:01.010Z,8558620.00
2023-08-02T04:30:01.100Z,8558636.00
2023-08-02T04:30:01.200Z,8558631.00
2023-08-02T04:30:01.290Z,8558618.00
2023-08-02T04:30:01.380Z,8558646.00
2023-08-02T04:30:01.470Z,8558606.00
2023-08-02T04:30:01.560Z,8558492.00
2023-08-02T04:30:01.650Z,8558531.00
2023-08-02T04:30:01.740Z,8558552.00
2023-08-02T04:30:01.830Z,8558561.00
2023-08-02T04:30:01.930Z,8558508.00
2023-08-02T04:30:02.020Z,8558446.00
2023-08-02T04:30:02.110Z,8558485.00
2023-08-02T04:30:02.200Z,8558504.00
2023-08-02T04:30:02.290Z,8558469.00
2023-08-02T04:30:02.380Z,8558589.00
2023-08-02T04:30:02.470Z,8558632.00
2023-08-02T04:30:02.560Z,8558563.00
2023-08-02T04:30:02.660Z,8558550.00
2023-08-02T04:30:02.750Z,8558588.00
2023-08-02T04:30:02.840Z,8558511.00
2023-08-02T04:30:02.930Z,8558410.00
2023-08-02T04:30:03.020Z,8558422.00
2023-08-02T04:30:03.110Z,8558530.00
2023-08-02T04:30:03.200Z,8558468.00
2023-08-02T04:30:03.290Z,8558458.00
2023-08-02T04:30:03.390Z,8558624.00
2023-08-02T04:30:03.480Z,8558528.00
2023-08-02T04:30:03.570Z,8558512.00
2023-08-02T04:30:03.660Z,8558580.00
2023-08-02T04:30:03.750Z,8558560.00
2023-08-02T04:30:03.840Z,8558482.00
2023-08-02T04:30:03.930Z,8558525.00
2023-08-02T04:30:04.020Z,8558585.00
2023-08-02T04:30:04.110Z,8558584.00
2023-08-02T04:30:04.210Z,8558571.00
2023-08-02T04:30:04.300Z,8558569.00
2023-08-02T04:30:04.390Z,8558425.00
2023-08-02T04:30:04.480Z,8558545.00
2023-08-02T04:30:04.570Z,8558621.00
2023-08-02T04:30:04.660Z,8558638.00
2023-08-02T04:30:04.750Z,8558529.00
2023-08-02T04:30:04.840Z,8558449.00
2023-08-02T04:30:04.940Z,8558501.00
2023-08-02T04:30:05.030Z,8558564.00
2023-08-02T04:30:05.120Z,8558532.00
2023-08-02T04:30:05.210Z,8558472.00
2023-08-02T04:30:05.300Z,8558524.00
2023-08-02T04:30:05.390Z,8558598.00
2023-08-02T04:30:05.480Z,8558570.00
2023-08-02T04:30:05.570Z,8558518.00
2023-08-02T04:30:05.670Z,8558900.00
2023-08-02T04:30:05.760Z,8562141.00
2023-08-02T04:30:05.850Z,8563668.00
2023-08-02T04:30:05.940Z,8568491.00
2023-08-02T04:30:06.030Z,8600874.00
2023-08-02T04:30:06.120Z,8636354.00
2023-08-02T04:30:06.210Z,8620650.00
2023-08-02T04:30:06.300Z,8572398.00
2023-08-02T04:30:06.390Z,8558753.00
2023-08-02T04:30:06.490Z,8558486.00
2023-08-02T04:30:06.580Z,8558944.00
2023-08-02T04:30:06.670Z,8565597.00
2023-08-02T04:30:06.760Z,8582310.00
2023-08-02T04:30:06.850Z,8581969.00
2023-08-02T04:30:06.940Z,8546066.00
2023-08-02T04:30:07.030Z,8539334.00
2023-08-02T04:30:07.120Z,8542660.00
2023-08-02T04:30:07.220Z,8542876.00
2023-08-02T04:30:07.310Z,8542852.00
2023-08-02T04:30:07.400Z,8542794.00
2023-08-02T04:30:07.490Z,8542836.00
2023-08-02T04:30:07.580Z,8542819.00
2023-08-02T04:30:07.670Z,8542785.00
2023-08-02T04:30:07.760Z,8542805.00
2023-08-02T04:30:07.850Z,8542831.00
2023-08-02T04:30:07.950Z,8542793.00
2023-08-02T04:30:08.040Z,8542685.00
2023-08-02T04:30:08.130Z,8542548.00
2023-08-02T04:30:08.220Z,8542641.00
2023-08-02T04:30:08.310Z,8542894.00
2023-08-02T04:30:08.400Z,8542902.00
2023-08-02T04:30:08.489Z,8542748.00
2023-08-02T04:30:08.579Z,8542713.00
2023-08-02T04:30:08.670Z,8542756.00
2023-08-02T04:30:08.769Z,8542784.00
2023-08-02T04:30:08.859Z,8542755.00
2023-08-02T04:30:08.949Z,8542823.00
2023-08-02T04:30:09.039Z,8542844.00
2023-08-02T04:30:09.129Z,8542752.00
2023-08-02T04:30:09.219Z,8542762.00
2023-08-02T04:30:09.309Z,8542851.00
2023-08-02T04:30:09.399Z,8542813.00
2023-08-02T04:30:09.499Z,8542827.00
2023-08-02T04:30:09.589Z,8542821.00
2023-08-02T04:30:09.679Z,8542854.00
2023-08-02T04:30:09.769Z,8542863.00
2023-08-02T04:30:09.859Z,8542747.00
2023-08-02T04:30:09.949Z,8542859.00
2023-08-02T04:30:10.039Z,8542792.00
2023-08-02T04:30:10.129Z,8542726.00
2023-08-02T04:30:10.229Z,8542817.00
2023-08-02T04:30:10.319Z,8542766.00
2023-08-02T04:30:10.409Z,8542751.00
2023-08-02T04:30:10.499Z,8542784.00
2023-08-02T04:30:10.589Z,8542805.00
2023-08-02T04:30:10.679Z,8542716.00
2023-08-02T04:30:10.769Z,8542723.00
2023-08-02T04:30:10.859Z,8542770.00
2023-08-02T04:30:10.950Z,8542744.00
2023-08-02T04:30:11.049Z,8542765.00
2023-08-02T04:30:11.139Z,8542784.00
2023-08-02T04:30:11.229Z,8542809.00
2023-08-02T04:30:11.319Z,8542789.00
2023-08-02T04:30:11.409Z,8542822.00
2023-08-02T04:30:11.499Z,8542766.00
2023-08-02T04:30:11.589Z,8542697.00
2023-08-02T04:30:11.679Z,8542787.00
2023-08-02T04:30:11.779Z,8542795.00
2023-08-02T04:30:11.869Z,8542753.00
2023-08-02T04:30:11.959Z,8542691.00
2023-08-02T04:30:12.049Z,8542715.00
2023-08-02T04:30:12.139Z,8542800.00
2023-08-02T04:30:12.229Z,8542780.00
2023-08-02T04:30:12.319Z,8542755.00
2023-08-02T04:30:12.409Z,8542771.00
2023-08-02T04:30:12.509Z,8542762.00
2023-08-02T04:30:12.599Z,8542764.00
2023-08-02T04:30:12.690Z,8542765.00
2023-08-02T04:30:12.779Z,8542762.00
2023-08-02T04:30:12.869Z,8542749.00
2023-08-02T04:30:12.959Z,8542769.00
2023-08-02T04:30:13.049Z,8542736.00
2023-08-02T04:30:13.139Z,8542785.00
2023-08-02T04:30:13.239Z,8542714.00
2023-08-02T04:30:13.329Z,8542786.00
2023-08-02T04:30:13.420Z,8542846.00
2023-08-02T04:30:13.509Z,8542762.00
2023-08-02T04:30:13.599Z,8542760.00
2023-08-02T04:30:13.689Z,8542817.00
2023-08-02T04:30:13.779Z,8542814.00
2023-08-02T04:30:13.869Z,8542783.00
2023-08-02T04:30:13.959Z,8542757.00
2023-08-02T04:30:14.059Z,8542799.00
2023-08-02T04:30:14.149Z,8542844.00
2023-08-02T04:30:14.239Z,8542703.00
2023-08-02T04:30:14.330Z,8542510.00
2023-08-02T04:30:14.420Z,8542589.00
2023-08-02T04:30:14.509Z,8542850.00
2023-08-02T04:30:14.599Z,8542711.00
2023-08-02T04:30:14.689Z,8542755.00
2023-08-02T04:30:14.789Z,8542838.00
2023-08-02T04:30:14.879Z,8542734.00
2023-08-02T04:30:14.969Z,8542731.00
2023-08-02T04:30:15.059Z,8542786.00
2023-08-02T04:30:15.149Z,8542741.00
2023-08-02T04:30:15.239Z,8542712.00
2023-08-02T04:30:15.329Z,8542725.00
2023-08-02T04:30:15.419Z,8542726.00
2023-08-02T04:30:15.519Z,8542726.00
2023-08-02T04:30:15.609Z,8542747.00
2023-08-02T04:30:15.699Z,8542719.00
2023-08-02T04:30:15.789Z,8542743.00
2023-08-02T04:30:15.879Z,8542759.00
2023-08-02T04:30:15.969Z,8542703.00
2023-08-02T04:30:16.059Z,8543636.00
2023-08-02T04:30:16.149Z,8551856.00
2023-08-02T04:30:16.239Z,8565259.00
2023-08-02T04:30:16.340Z,8566059.00
2023-08-02T04:30:16.429Z,8556188.00
2023-08-02T04:30:16.519Z,8550529.00
2023-08-02T04:30:16.609Z,8549881.00
2023-08-02T04:30:16.699Z,8548618.00
2023-08-02T04:30:16.789Z,8546035.00
2023-08-02T04:30:16.879Z,8541848.00
2023-08-02T04:30:16.969Z,8535079.00
2023-08-02T04:30:17.069Z,8531209.00
2023-08-02T04:30:17.159Z,8537368.00
2023-08-02T04:30:17.249Z,8544566.00
2023-08-02T04:30:17.340Z,8544753.00
2023-08-02T04:30:17.429Z,8543721.00
2023-08-02T04:30:17.519Z,8543153.00
2023-08-02T04:30:17.609Z,8543163.00
2023-08-02T04:30:17.699Z,8545482.00
2023-08-02T04:30:17.799Z,8560687.00
2023-08-02T04:30:17.889Z,8569748.00
2023-08-02T04:30:17.979Z,8553260.00
2023-08-02T04:30:18.069Z,8535919.00
2023-08-02T04:30:18.159Z,8532623.00
2023-08-02T04:30:18.249Z,8535185.00
2023-08-02T04:30:18.340Z,8536749.00
2023-08-02T04:30:18.429Z,8537180.00
2023-08-02T04:30:18.519Z,8537633.00
2023-08-02T04:30:18.619Z,8538211.00
2023-08-02T04:30:18.709Z,8538475.00
2023-08-02T04:30:18.799Z,8538767.00
2023-08-02T04:30:18.889Z,8539003.00
2023-08-02T04:30:18.979Z,8539316.00
2023-08-02T04:30:19.069Z,8539690.00
2023-08-02T04:30:19.159Z,8539742.00
2023-08-02T04:30:19.249Z,8539619.00
2023-08-02T04:30:19.349Z,8539663.00
2023-08-02T04:30:19.439Z,8539611.00
2023-08-02T04:30:19.529Z,8539557.00
2023-08-02T04:30:19.619Z,8539560.00
2023-08-02T04:30:19.709Z,8539580.00
2023-08-02T04:30:19.799Z,8539584.00
2023-08-02T04:30:19.889Z,8539620.00
2023-08-02T04:30:19.979Z,8539505.00
2023-08-02T04:30:20.079Z,8539479.00
2023-08-02T04:30:20.169Z,8539649.00
2023-08-02T04:30:20.259Z,8539645.00
2023-08-02T04:30:20.349Z,8539585.00
2023-08-02T04:30:20.439Z,8539619.00
2023-08-02T04:30:20.529Z,8540987.00
2023-08-02T04:30:20.619Z,8546495.00
2023-08-02T04:30:20.709Z,8551335.00
2023-08-02T04:30:20.809Z,8548409.00
2023-08-02T04:30:20.899Z,8548331.00
2023-08-02T04:30:20.989Z,8546643.00
2023-08-02T04:30:21.079Z,8539882.00
2023-08-02T04:30:21.169Z,8532646.00
2023-08-02T04:30:21.259Z,8538772.00
2023-08-02T04:30:21.349Z,8541996.00
2023-08-02T04:30:21.439Z,8539579.00
2023-08-02T04:30:21.529Z,8540345.00
2023-08-02T04:30:21.629Z,8544537.00
2023-08-02T04:30:21.719Z,8548865.00
2023-08-02T04:30:21.809Z,8548543.00
2023-08-02T04:30:21.899Z,8540446.00
2023-08-02T04:30:21.989Z,8533304.00
2023-08-02T04:30:22.079Z,8538743.00
2023-08-02T04:30:22.169Z,8541438.00
2023-08-02T04:30:22.259Z,8542456.00
2023-08-02T04:30:22.359Z,8548355.00
2023-08-02T04:30:22.449Z,8550158.00
2023-08-02T04:30:22.539Z,8551979.00
2023-08-02T04:30:22.629Z,8550294.00
2023-08-02T04:30:22.719Z,8546129.00
2023-08-02T04:30:22.809Z,8537999.00
2023-08-02T04:30:22.899Z,8533325.00
2023-08-02T04:30:22.989Z,8538578.00
2023-08-02T04:30:23.089Z,8542740.00
2023-08-02T04:30:23.179Z,8549831.00
2023-08-02T04:30:23.269Z,8551197.00
2023-08-02T04:30:23.359Z,8547743.00
2023-08-02T04:30:23.446Z,8545102.00
2023-08-02T04:30:23.536Z,8538006.00
2023-08-02T04:30:23.626Z,8530339.00
2023-08-02T04:30:23.716Z,8536035.00
2023-08-02T04:30:23.806Z,8543220.00
2023-08-02T04:30:23.906Z,8540487.00
2023-08-02T04:30:23.996Z,8541358.00
2023-08-02T04:30:24.086Z,8546105.00
2023-08-02T04:30:24.176Z,8544814.00
2023-08-02T04:30:24.266Z,8539494.00
2023-08-02T04:30:24.356Z,8534273.00
2023-08-02T04:30:24.446Z,8536551.00
2023-08-02T04:30:24.536Z,8539996.00
2023-08-02T04:30:24.636Z,8540222.00
2023-08-02T04:30:24.726Z,8540055.00
2023-08-02T04:30:24.816Z,8540084.00
2023-08-02T04:30:24.906Z,8540880.00
2023-08-02T04:30:24.996Z,8543351.00
2023-08-02T04:30:25.086Z,8545539.00
2023-08-02T04:30:25.175Z,8541545.00
2023-08-02T04:30:25.266Z,8538359.00
2023-08-02T04:30:25.366Z,8539985.00
2023-08-02T04:30:25.456Z,8540180.00
2023-08-02T04:30:25.546Z,8539947.00
2023-08-02T04:30:25.636Z,8539877.00
2023-08-02T04:30:25.726Z,8540403.00
2023-08-02T04:30:25.816Z,8547468.00
2023-08-02T04:30:25.906Z,8555514.00
2023-08-02T04:30:25.996Z,8544604.00
2023-08-02T04:30:26.086Z,8536627.00
2023-08-02T04:30:26.186Z,8537319.00
2023-08-02T04:30:26.276Z,8538262.00
2023-08-02T04:30:26.366Z,8538811.00
2023-08-02T04:30:26.456Z,8539212.00
2023-08-02T04:30:26.546Z,8539553.00
2023-08-02T04:30:26.636Z,8539859.00
2023-08-02T04:30:26.726Z,8540026.00
2023-08-02T04:30:26.815Z,8539927.00
2023-08-02T04:30:26.916Z,8539859.00
2023-08-02T04:30:27.006Z,8539929.00
2023-08-02T04:30:27.096Z,8539945.00
2023-08-02T04:30:27.186Z,8539929.00
2023-08-02T04:30:27.276Z,8539887.00
2023-08-02T04:30:27.366Z,8539909.00
2023-08-02T04:30:27.456Z,8539827.00
2023-08-02T04:30:27.546Z,8539889.00
2023-08-02T04:30:27.646Z,8539866.00
2023-08-02T04:30:27.736Z,8539903.00
2023-08-02T04:30:27.826Z,8539847.00
2023-08-02T04:30:27.916Z,8539819.00
2023-08-02T04:30:28.006Z,8540049.00
2023-08-02T04:30:28.096Z,8543318.00
2023-08-02T04:30:28.186Z,8551525.00
2023-08-02T04:30:28.276Z,8554365.00
2023-08-02T04:30:28.376Z,8552869.00
2023-08-02T04:30:28.466Z,8550138.00
2023-08-02T04:30:28.555Z,8545344.00
2023-08-02T04:30:28.646Z,8538142.00
2023-08-02T04:30:28.736Z,8535061.00
2023-08-02T04:30:28.826Z,8542489.00
2023-08-02T04:30:28.916Z,8542621.00
2023-08-02T04:30:29.006Z,8541298.00
2023-08-02T04:30:29.096Z,8546076.00
2023-08-02T04:30:29.196Z,8549371.00
2023-08-02T04:30:29.286Z,8547350.00
2023-08-02T04:30:29.376Z,8541110.00
2023-08-02T04:30:29.466Z,8536580.00
2023-08-02T04:30:29.556Z,8540485.00
2023-08-02T04:30:29.646Z,8541428.00
2023-08-02T04:30:29.736Z,8541521.00
2023-08-02T04:30:29.826Z,8544135.00
2023-08-02T04:30:29.926Z,8545822.00
2023-08-02T04:30:30.016Z,8544484.00
2023-08-02T04:30:30.106Z,8540081.00
2023-08-02T04:30:30.196Z,8537862.00
2023-08-02T04:30:30.286Z,8540250.00
2023-08-02T04:30:30.376Z,8540840.00
2023-08-02T04:30:30.466Z,8542144.00
2023-08-02T04:30:30.556Z,8542189.00
2023-08-02T04:30:30.656Z,8542032.00
2023-08-02T04:30:30.746Z,8541900.00
2023-08-02T04:30:30.836Z,8540056.00
2023-08-02T04:30:30.926Z,8538473.00
2023-08-02T04:30:31.016Z,8539862.00
2023-08-02T04:30:31.105Z,8540046.00
2023-08-02T04:30:31.196Z,8540944.00
2023-08-02T04:30:31.286Z,8546942.00
2023-08-02T04:30:31.376Z,8553840.00
2023-08-02T04:30:31.476Z,8553037.00
2023-08-02T04:30:31.566Z,8545142.00
2023-08-02T04:30:31.656Z,8540431.00
2023-08-02T04:30:31.746Z,8539714.00
2023-08-02T04:30:31.836Z,8539659.00
2023-08-02T04:30:31.925Z,8540496.00
2023-08-02T04:30:32.016Z,8545482.00
2023-08-02T04:30:32.106Z,8549439.00
2023-08-02T04:30:32.206Z,8544436.00
2023-08-02T04:30:32.296Z,8540124.00
2023-08-02T04:30:32.386Z,8539750.00
2023-08-02T04:30:32.476Z,8539756.00
2023-08-02T04:30:32.566Z,8540805.00
2023-08-02T04:30:32.656Z,8543962.00
2023-08-02T04:30:32.745Z,8546728.00
2023-08-02T04:30:32.836Z,8546090.00
2023-08-02T04:30:32.936Z,8543963.00
2023-08-02T04:30:33.026Z,8544268.00
2023-08-02T04:30:33.116Z,8543177.00
2023-08-02T04:30:33.206Z,8540771.00
2023-08-02T04:30:33.296Z,8539719.00
2023-08-02T04:30:33.386Z,8539714.00
2023-08-02T04:30:33.476Z,8539757.00
2023-08-02T04:30:33.565Z,8539659.00
2023-08-02T04:30:33.656Z,8539650.00
2023-08-02T04:30:33.756Z,8539699.00
2023-08-02T04:30:33.846Z,8539659.00
2023-08-02T04:30:33.936Z,8539626.00
2023-08-02T04:30:34.026Z,8539622.00
2023-08-02T04:30:34.116Z,8539719.00
2023-08-02T04:30:34.206Z,8539626.00
2023-08-02T04:30:34.296Z,8539632.00
2023-08-02T04:30:34.386Z,8539695.00
2023-08-02T04:30:34.476Z,8539768.00
2023-08-02T04:30:34.576Z,8539775.00
2023-08-02T04:30:34.667Z,8539672.00
2023-08-02T04:30:34.756Z,8539694.00
2023-08-02T04:30:34.846Z,8539695.00
2023-08-02T04:30:34.936Z,8539687.00
2023-08-02T04:30:35.026Z,8539678.00
2023-08-02T04:30:35.116Z,8539631.00
2023-08-02T04:30:35.216Z,8539560.00
2023-08-02T04:30:35.306Z,8539614.00
2023-08-02T04:30:35.396Z,8539676.00
2023-08-02T04:30:35.486Z,8539667.00
2023-08-02T04:30:35.576Z,8539668.00
2023-08-02T04:30:35.666Z,8539747.00
2023-08-02T04:30:35.756Z,8539717.00
2023-08-02T04:30:35.846Z,8539659.00
2023-08-02T04:30:35.936Z,8539658.00
2023-08-02T04:30:36.036Z,8539694.00
2023-08-02T04:30:36.125Z,8539708.00
2023-08-02T04:30:36.226Z,8539680.00
2023-08-02T04:30:36.306Z,8539634.00
2023-08-02T04:30:36.396Z,8539656.00
2023-08-02T04:30:36.486Z,8539747.00
2023-08-02T04:30:36.576Z,8539678.00
2023-08-02T04:30:36.666Z,8539683.00
2023-08-02T04:30:36.766Z,8539736.00
2023-08-02T04:30:36.856Z,8539647.00
2023-08-02T04:30:36.945Z,8539643.00
2023-08-02T04:30:37.036Z,8539635.00
2023-08-02T04:30:37.126Z,8539706.00
2023-08-02T04:30:37.216Z,8539690.00
2023-08-02T04:30:37.306Z,8539721.00
2023-08-02T04:30:37.396Z,8539820.00
2023-08-02T04:30:37.496Z,8539764.00
2023-08-02T04:30:37.586Z,8539688.00
2023-08-02T04:30:37.676Z,8539622.00
2023-08-02T04:30:37.765Z,8539688.00
2023-08-02T04:30:37.856Z,8539697.00
2023-08-02T04:30:37.946Z,8539783.00
2023-08-02T04:30:38.036Z,8539833.00
2023-08-02T04:30:38.126Z,8539745.00
2023-08-02T04:30:38.216Z,8539677.00
2023-08-02T04:30:38.316Z,8539655.00
2023-08-02T04:30:38.406Z,8539730.00
2023-08-02T04:30:38.499Z,8539698.00
2023-08-02T04:30:38.589Z,8539674.00
2023-08-02T04:30:38.679Z,8539624.00
2023-08-02T04:30:38.769Z,8539683.00
2023-08-02T04:30:38.859Z,8539703.00
2023-08-02T04:30:38.949Z,8539743.00
2023-08-02T04:30:39.049Z,8539609.00
2023-08-02T04:30:39.139Z,8539653.00
2023-08-02T04:30:39.229Z,8539753.00
2023-08-02T04:30:39.319Z,8539781.00
2023-08-02T04:30:39.409Z,8539784.00
2023-08-02T04:30:39.499Z,8539741.00
2023-08-02T04:30:39.589Z,8539663.00
2023-08-02T04:30:39.679Z,8539672.00
2023-08-02T04:30:39.779Z,8539688.00
2023-08-02T04:30:39.869Z,8540405.00
2023-08-02T04:30:39.959Z,8544597.00
2023-08-02T04:30:40.049Z,8559359.00
2023-08-02T04:30:40.139Z,8575965.00
2023-08-02T04:30:40.229Z,8565695.00
2023-08-02T04:30:40.319Z,8556333.00
2023-08-02T04:30:40.409Z,8554729.00
2023-08-02T04:30:40.499Z,8556522.00
2023-08-02T04:30:40.599Z,8560492.00
2023-08-02T04:30:40.689Z,8565754.00
2023-08-02T04:30:40.779Z,8604104.00
2023-08-02T04:30:40.869Z,8712207.00
2023-08-02T04:30:40.959Z,8837015.00
2023-08-02T04:30:41.049Z,8825201.00
2023-08-02T04:30:41.139Z,8652457.00
2023-08-02T04:30:41.229Z,8561148.00
2023-08-02T04:30:41.329Z,8555100.00
2023-08-02T04:30:41.419Z,8555130.00
2023-08-02T04:30:41.509Z,8555185.00
2023-08-02T04:30:41.599Z,8555128.00
2023-08-02T04:30:41.689Z,8554979.00
2023-08-02T04:30:41.779Z,8555084.00
2023-08-02T04:30:41.869Z,8555120.00
2023-08-02T04:30:41.959Z,8555436.00
2023-08-02T04:30:42.059Z,8555288.00
2023-08-02T04:30:42.149Z,8555171.00
2023-08-02T04:30:42.239Z,8555270.00
2023-08-02T04:30:42.329Z,8555237.00
2023-08-02T04:30:42.419Z,8555189.00
2023-08-02T04:30:42.509Z,8555110.00
2023-08-02T04:30:42.599Z,8555199.00
2023-08-02T04:30:42.690Z,8555217.00
2023-08-02T04:30:42.779Z,8555249.00
2023-08-02T04:30:42.879Z,8555275.00
2023-08-02T04:30:42.969Z,8555246.00
2023-08-02T04:30:43.059Z,8555338.00
2023-08-02T04:30:43.149Z,8555190.00
2023-08-02T04:30:43.239Z,8555164.00
2023-08-02T04:30:43.329Z,8555296.00
2023-08-02T04:30:43.419Z,8555328.00
2023-08-02T04:30:43.509Z,8555312.00
2023-08-02T04:30:43.609Z,8555264.00
2023-08-02T04:30:43.699Z,8555304.00
2023-08-02T04:30:43.789Z,8555330.00
2023-08-02T04:30:43.879Z,8555332.00
2023-08-02T04:30:43.969Z,8555250.00
2023-08-02T04:30:44.059Z,8555260.00
2023-08-02T04:30:44.149Z,8555234.00
2023-08-02T04:30:44.239Z,8555257.00
2023-08-02T04:30:44.329Z,8555297.00
2023-08-02T04:30:44.429Z,8555244.00
2023-08-02T04:30:44.519Z,8555201.00
2023-08-02T04:30:44.609Z,8555277.00
2023-08-02T04:30:44.699Z,8555343.00
2023-08-02T04:30:44.789Z,8555278.00
2023-08-02T04:30:44.879Z,8555262.00
2023-08-02T04:30:44.969Z,8555329.00
2023-08-02T04:30:45.059Z,8555295.00
2023-08-02T04:30:45.160Z,8555248.00
2023-08-02T04:30:45.250Z,8555266.00
2023-08-02T04:30:45.339Z,8555188.00
2023-08-02T04:30:45.429Z,8555253.00
2023-08-02T04:30:45.519Z,8555302.00
2023-08-02T04:30:45.609Z,8555275.00
2023-08-02T04:30:45.699Z,8555299.00
2023-08-02T04:30:45.789Z,8555280.00
2023-08-02T04:30:45.889Z,8555286.00
2023-08-02T04:30:45.979Z,8555269.00
2023-08-02T04:30:46.069Z,8555297.00
2023-08-02T04:30:46.159Z,8555309.00
2023-08-02T04:30:46.249Z,8555288.00
2023-08-02T04:30:46.339Z,8555262.00
2023-08-02T04:30:46.429Z,8555226.00
2023-08-02T04:30:46.519Z,8555252.00
2023-08-02T04:30:46.609Z,8555359.00
2023-08-02T04:30:46.709Z,8555337.00
2023-08-02T04:30:46.799Z,8555282.00
2023-08-02T04:30:46.889Z,8555260.00
2023-08-02T04:30:46.979Z,8555324.00
2023-08-02T04:30:47.069Z,8555242.00
2023-08-02T04:30:47.159Z,8555276.00
2023-08-02T04:30:47.249Z,8555281.00
2023-08-02T04:30:47.339Z,8555256.00
2023-08-02T04:30:47.439Z,8555260.00
2023-08-02T04:30:47.529Z,8555292.00
2023-08-02T04:30:47.619Z,8555271.00
2023-08-02T04:30:47.709Z,8555291.00
2023-08-02T04:30:47.799Z,8555287.00
2023-08-02T04:30:47.889Z,8555285.00
2023-08-02T04:30:47.979Z,8555263.00
2023-08-02T04:30:48.069Z,8555300.00
2023-08-02T04:30:48.169Z,8555360.00
2023-08-02T04:30:48.259Z,8555339.00
2023-08-02T04:30:48.349Z,8555336.00
2023-08-02T04:30:48.439Z,8555299.00
2023-08-02T04:30:48.529Z,8555252.00
2023-08-02T04:30:48.619Z,8555211.00
2023-08-02T04:30:48.709Z,8555212.00
2023-08-02T04:30:48.799Z,8555357.00
2023-08-02T04:30:48.899Z,8555387.00
2023-08-02T04:30:48.989Z,8555224.00
2023-08-02T04:30:49.079Z,8555106.00
2023-08-02T04:30:49.169Z,8555174.00
2023-08-02T04:30:49.259Z,8555254.00
2023-08-02T04:30:49.349Z,8555296.00
2023-08-02T04:30:49.439Z,8555360.00
2023-08-02T04:30:49.529Z,8555350.00
2023-08-02T04:30:49.619Z,8555317.00
2023-08-02T04:30:49.719Z,8555334.00
2023-08-02T04:30:49.809Z,8555288.00
2023-08-02T04:30:49.899Z,8555298.00
2023-08-02T04:30:49.989Z,8555313.00
2023-08-02T04:30:50.079Z,8555284.00
2023-08-02T04:30:50.172Z,8555295.00
2023-08-02T04:30:50.259Z,8555386.00
2023-08-02T04:30:50.349Z,8555350.00
2023-08-02T04:30:50.449Z,8555265.00
2023-08-02T04:30:50.539Z,8555219.00
2023-08-02T04:30:50.629Z,8555342.00
2023-08-02T04:30:50.719Z,8555348.00
2023-08-02T04:30:50.809Z,8555375.00
2023-08-02T04:30:50.899Z,8555470.00
2023-08-02T04:30:50.989Z,8555439.00
2023-08-02T04:30:51.079Z,8555306.00
2023-08-02T04:30:51.179Z,8555226.00
2023-08-02T04:30:51.269Z,8555274.00
2023-08-02T04:30:51.359Z,8555255.00
2023-08-02T04:30:51.449Z,8555297.00
2023-08-02T04:30:51.539Z,8555330.00
2023-08-02T04:30:51.629Z,8555377.00
2023-08-02T04:30:51.719Z,8555372.00
2023-08-02T04:30:51.809Z,8555398.00
2023-08-02T04:30:51.899Z,8555355.00
2023-08-02T04:30:51.999Z,8555369.00
2023-08-02T04:30:52.089Z,8555430.00
2023-08-02T04:30:52.179Z,8555362.00
2023-08-02T04:30:52.269Z,8555323.00
2023-08-02T04:30:52.359Z,8555321.00
2023-08-02T04:30:52.449Z,8555356.00
2023-08-02T04:30:52.539Z,8555405.00
2023-08-02T04:30:52.629Z,8555443.00
2023-08-02T04:30:52.729Z,8555462.00
2023-08-02T04:30:52.819Z,8555424.00
2023-08-02T04:30:52.909Z,8555434.00
2023-08-02T04:30:52.999Z,8555366.00
2023-08-02T04:30:53.089Z,8555446.00
2023-08-02T04:30:53.179Z,8555407.00
2023-08-02T04:30:53.269Z,8555407.00
2023-08-02T04:30:53.359Z,8555383.00
2023-08-02T04:30:53.458Z,8555345.00
2023-08-02T04:30:53.548Z,8555477.00
2023-08-02T04:30:53.638Z,8555397.00
2023-08-02T04:30:53.728Z,8555331.00
2023-08-02T04:30:53.818Z,8555355.00
2023-08-02T04:30:53.908Z,8555438.00
2023-08-02T04:30:53.998Z,8555466.00
2023-08-02T04:30:54.088Z,8555270.00
2023-08-02T04:30:54.178Z,8555263.00
2023-08-02T04:30:54.278Z,8555373.00
2023-08-02T04:30:54.368Z,8555408.00
2023-08-02T04:30:54.458Z,8555353.00
2023-08-02T04:30:54.548Z,8555405.00
2023-08-02T04:30:54.638Z,8555500.00
2023-08-02T04:30:54.728Z,8555391.00
2023-08-02T04:30:54.818Z,8555393.00
2023-08-02T04:30:54.908Z,8555432.00
2023-08-02T04:30:55.008Z,8555339.00
2023-08-02T04:30:55.098Z,8555391.00
2023-08-02T04:30:55.188Z,8555424.00
2023-08-02T04:30:55.278Z,8555416.00
2023-08-02T04:30:55.368Z,8555461.00
2023-08-02T04:30:55.458Z,8555502.00
2023-08-02T04:30:55.548Z,8555496.00
2023-08-02T04:30:55.638Z,8555431.00
2023-08-02T04:30:55.738Z,8555397.00
2023-08-02T04:30:55.828Z,8555385.00
2023-08-02T04:30:55.918Z,8555385.00
2023-08-02T04:30:56.008Z,8555412.00
2023-08-02T04:30:56.098Z,8555423.00
2023-08-02T04:30:56.188Z,8555423.00
2023-08-02T04:30:56.278Z,8555498.00
2023-08-02T04:30:56.368Z,8555503.00
2023-08-02T04:30:56.468Z,8555477.00
2023-08-02T04:30:56.558Z,8555421.00
2023-08-02T04:30:56.648Z,8555437.00
2023-08-02T04:30:56.738Z,8555447.00
2023-08-02T04:30:56.828Z,8555454.00
2023-08-02T04:30:56.918Z,8555485.00
2023-08-02T04:30:57.008Z,8555508.00
2023-08-02T04:30:57.098Z,8555467.00
2023-08-02T04:30:57.188Z,8555451.00
2023-08-02T04:30:57.288Z,8555475.00
2023-08-02T04:30:57.378Z,8555459.00
2023-08-02T04:30:57.468Z,8555451.00
2023-08-02T04:30:57.558Z,8555455.00
2023-08-02T04:30:57.648Z,8555478.00
2023-08-02T04:30:57.738Z,8555433.00
2023-08-02T04:30:57.828Z,8555446.00
2023-08-02T04:30:57.918Z,8555456.00
2023-08-02T04:30:58.018Z,8555451.00
2023-08-02T04:30:58.108Z,8555462.00
2023-08-02T04:30:58.198Z,8555448.00
2023-08-02T04:30:58.288Z,8555505.00
2023-08-02T04:30:58.378Z,8555473.00
2023-08-02T04:30:58.468Z,8555539.00
2023-08-02T04:30:58.558Z,8555383.00
2023-08-02T04:30:58.648Z,8555330.00
2023-08-02T04:30:58.748Z,8555388.00
2023-08-02T04:30:58.838Z,8555378.00
2023-08-02T04:30:58.928Z,8555397.00
2023-08-02T04:30:59.018Z,8555414.00
2023-08-02T04:30:59.108Z,8555424.00
2023-08-02T04:30:59.198Z,8555359.00
2023-08-02T04:30:59.288Z,8555376.00
2023-08-02T04:30:59.378Z,8555438.00
2023-08-02T04:30:59.468Z,8555445.00
2023-08-02T04:30:59.568Z,8555497.00
2023-08-02T04:30:59.658Z,8555386.00
2023-08-02T04:30:59.748Z,8555426.00
2023-08-02T04:30:59.838Z,8555482.00
2023-08-02T04:30:59.928Z,8555435.00
2023-08-02T04:31:00.018Z,8555363.00
2023-08-02T04:31:00.108Z,8555432.00
2023-08-02T04:31:00.198Z,8555406.00
2023-08-02T04:31:00.298Z,8555417.00
2023-08-02T04:31:00.388Z,8555438.00
2023-08-02T04:31:00.478Z,8555426.00
2023-08-02T04:31:00.568Z,8555401.00
2023-08-02T04:31:00.658Z,8555421.00
2023-08-02T04:31:00.748Z,8555333.00
2023-08-02T04:31:00.838Z,8555364.00
2023-08-02T04:31:00.928Z,8555443.00
2023-08-02T04:31:01.028Z,8555450.00
2023-08-02T04:31:01.118Z,8555387.00
2023-08-02T04:31:01.208Z,8555309.00
2023-08-02T04:31:01.298Z,8555376.00
2023-08-02T04:31:01.388Z,8555460.00
2023-08-02T04:31:01.478Z,8555409.00
2023-08-02T04:31:01.568Z,8555388.00
2023-08-02T04:31:01.658Z,8555475.00
2023-08-02T04:31:01.748Z,8555493.00
2023-08-02T04:31:01.848Z,8555403.00
2023-08-02T04:31:01.938Z,8555387.00
2023-08-02T04:31:02.028Z,8555387.00
2023-08-02T04:31:02.118Z,8555428.00
2023-08-02T04:31:02.208Z,8555346.00
2023-08-02T04:31:02.298Z,8555351.00
2023-08-02T04:31:02.388Z,8555334.00
2023-08-02T04:31:02.478Z,8555334.00
2023-08-02T04:31:02.578Z,8555296.00
2023-08-02T04:31:02.669Z,8555347.00
2023-08-02T04:31:02.758Z,8555396.00
2023-08-02T04:31:02.848Z,8555423.00
2023-08-02T04:31:02.938Z,8555407.00
2023-08-02T04:31:03.028Z,8555346.00
2023-08-02T04:31:03.118Z,8555345.00
2023-08-02T04:31:03.208Z,8555384.00
2023-08-02T04:31:03.308Z,8555449.00
2023-08-02T04:31:03.398Z,8555472.00
2023-08-02T04:31:03.488Z,8555466.00
2023-08-02T04:31:03.578Z,8555419.00
2023-08-02T04:31:03.669Z,8555373.00
2023-08-02T04:31:03.758Z,8555419.00
2023-08-02T04:31:03.848Z,8555342.00
2023-08-02T04:31:03.938Z,8555374.00
2023-08-02T04:31:04.038Z,8555383.00
2023-08-02T04:31:04.128Z,8555326.00
2023-08-02T04:31:04.218Z,8555345.00
2023-08-02T04:31:04.308Z,8555368.00
2023-08-02T04:31:04.398Z,8555406.00
2023-08-02T04:31:04.488Z,8555365.00
2023-08-02T04:31:04.578Z,8555286.00
2023-08-02T04:31:04.669Z,8555336.00
2023-08-02T04:31:04.758Z,8555391.00
2023-08-02T04:31:04.858Z,8555359.00
2023-08-02T04:31:04.948Z,8555382.00
2023-08-02T04:31:05.038Z,8555409.00
2023-08-02T04:31:05.128Z,8555359.00
2023-08-02T04:31:05.218Z,8555372.00
2023-08-02T04:31:05.308Z,8555308.00
2023-08-02T04:31:05.398Z,8555326.00
2023-08-02T04:31:05.488Z,8555445.00
2023-08-02T04:31:05.588Z,8555385.00
2023-08-02T04:31:05.678Z,8555287.00
2023-08-02T04:31:05.768Z,8555469.00
2023-08-02T04:31:05.858Z,8555512.00
2023-08-02T04:31:05.948Z,8555370.00
2023-08-02T04:31:06.038Z,8555386.00
2023-08-02T04:31:06.128Z,8555413.00
2023-08-02T04:31:06.218Z,8555348.00
2023-08-02T04:31:06.318Z,8555360.00
2023-08-02T04:31:06.408Z,8555311.00
2023-08-02T04:31:06.498Z,8555385.00
2023-08-02T04:31:06.588Z,8555461.00
2023-08-02T04:31:06.678Z,8555548.00
2023-08-02T04:31:06.768Z,8555469.00
2023-08-02T04:31:06.858Z,8555329.00
2023-08-02T04:31:06.948Z,8555333.00
2023-08-02T04:31:07.038Z,8555429.00
2023-08-02T04:31:07.138Z,8555394.00
2023-08-02T04:31:07.228Z,8555357.00
2023-08-02T04:31:07.318Z,8555427.00
2023-08-02T04:31:07.408Z,8555411.00
2023-08-02T04:31:07.498Z,8555440.00
2023-08-02T04:31:07.588Z,8555381.00
2023-08-02T04:31:07.679Z,8555460.00
2023-08-02T04:31:07.768Z,8555402.00
2023-08-02T04:31:07.868Z,8555316.00
2023-08-02T04:31:07.958Z,8555326.00
2023-08-02T04:31:08.048Z,8555286.00
2023-08-02T04:31:08.138Z,8555386.00
2023-08-02T04:31:08.228Z,8555328.00
2023-08-02T04:31:08.318Z,8555268.00
2023-08-02T04:31:08.408Z,8555285.00
2023-08-02T04:31:08.498Z,8555306.00
2023-08-02T04:31:08.597Z,8555412.00
2023-08-02T04:31:08.687Z,8555450.00
2023-08-02T04:31:08.777Z,8555399.00
2023-08-02T04:31:08.867Z,8555355.00
2023-08-02T04:31:08.957Z,8555346.00
2023-08-02T04:31:09.047Z,8555391.00
2023-08-02T04:31:09.137Z,8555339.00
2023-08-02T04:31:09.227Z,8555339.00
2023-08-02T04:31:09.317Z,8555405.00
2023-08-02T04:31:09.417Z,8555359.00
2023-08-02T04:31:09.507Z,8555272.00
2023-08-02T04:31:09.597Z,8555370.00
2023-08-02T04:31:09.687Z,8555387.00
2023-08-02T04:31:09.777Z,8555254.00
2023-08-02T04:31:09.867Z,8555268.00
2023-08-02T04:31:09.957Z,8555354.00
2023-08-02T04:31:10.047Z,8555263.00
2023-08-02T04:31:10.147Z,8555274.00
2023-08-02T04:31:10.237Z,8555259.00
2023-08-02T04:31:10.327Z,8555282.00
2023-08-02T04:31:10.417Z,8555288.00
2023-08-02T04:31:10.507Z,8555306.00
2023-08-02T04:31:10.597Z,8555327.00
2023-08-02T04:31:10.687Z,8555281.00
2023-08-02T04:31:10.777Z,8555360.00
2023-08-02T04:31:10.877Z,8555290.00
2023-08-02T04:31:10.967Z,8555255.00
2023-08-02T04:31:11.057Z,8555266.00
2023-08-02T04:31:11.147Z,8555298.00
2023-08-02T04:31:11.237Z,8555389.00
2023-08-02T04:31:11.327Z,8555408.00
2023-08-02T04:31:11.417Z,8555331.00
2023-08-02T04:31:11.507Z,8555305.00
2023-08-02T04:31:11.597Z,8555355.00
2023-08-02T04:31:11.697Z,8555343.00
2023-08-02T04:31:11.787Z,8555355.00
2023-08-02T04:31:11.877Z,8555327.00
2023-08-02T04:31:11.967Z,8555320.00
2023-08-02T04:31:12.057Z,8555336.00
2023-08-02T04:31:12.147Z,8555388.00
2023-08-02T04:31:12.237Z,8555410.00
2023-08-02T04:31:12.327Z,8555391.00
2023-08-02T04:31:12.427Z,8555282.00
2023-08-02T04:31:12.517Z,8555269.00
2023-08-02T04:31:12.607Z,8555296.00
2023-08-02T04:31:12.697Z,8555260.00
2023-08-02T04:31:12.787Z,8555269.00
2023-08-02T04:31:12.877Z,8555313.00
2023-08-02T04:31:12.967Z,8555336.00
2023-08-02T04:31:13.057Z,8555333.00
2023-08-02T04:31:13.157Z,8555289.00
2023-08-02T04:31:13.247Z,8555317.00
2023-08-02T04:31:13.337Z,8555320.00
2023-08-02T04:31:13.427Z,8555271.00
2023-08-02T04:31:13.517Z,8555382.00
2023-08-02T04:31:13.607Z,8555284.00
2023-08-02T04:31:13.697Z,8555229.00
2023-08-02T04:31:13.787Z,8555222.00
2023-08-02T04:31:13.877Z,8555260.00
2023-08-02T04:31:13.977Z,8555320.00
2023-08-02T04:31:14.067Z,8555263.00
2023-08-02T04:31:14.157Z,8555300.00
2023-08-02T04:31:14.247Z,8555297.00
2023-08-02T04:31:14.337Z,8555337.00
2023-08-02T04:31:14.427Z,8555247.00
2023-08-02T04:31:14.517Z,8555246.00
2023-08-02T04:31:14.607Z,8555266.00
2023-08-02T04:31:14.707Z,8555415.00
2023-08-02T04:31:14.797Z,8555466.00
2023-08-02T04:31:14.887Z,8555314.00
2023-08-02T04:31:14.977Z,8555318.00
2023-08-02T04:31:15.067Z,8555405.00
2023-08-02T04:31:15.157Z,8555410.00
2023-08-02T04:31:15.247Z,8555374.00
2023-08-02T04:31:15.337Z,8555327.00
2023-08-02T04:31:15.437Z,8555306.00
2023-08-02T04:31:15.527Z,8555390.00
2023-08-02T04:31:15.617Z,8555434.00
2023-08-02T04:31:15.707Z,8555369.00
2023-08-02T04:31:15.797Z,8555318.00
2023-08-02T04:31:15.887Z,8555429.00
2023-08-02T04:31:15.977Z,8555443.00
2023-08-02T04:31:16.067Z,8555356.00
2023-08-02T04:31:16.157Z,8555447.00
2023-08-02T04:31:16.257Z,8555426.00
2023-08-02T04:31:16.347Z,8555456.00
2023-08-02T04:31:16.437Z,8555383.00
2023-08-02T04:31:16.527Z,8555334.00
2023-08-02T04:31:16.617Z,8555354.00
2023-08-02T04:31:16.707Z,8555330.00
2023-08-02T04:31:16.797Z,8555326.00
2023-08-02T04:31:16.887Z,8555357.00
2023-08-02T04:31:16.987Z,8555329.00
2023-08-02T04:31:17.077Z,8555327.00
2023-08-02T04:31:17.167Z,8555287.00
2023-08-02T04:31:17.257Z,8555296.00
2023-08-02T04:31:17.347Z,8555291.00
2023-08-02T04:31:17.437Z,8555244.00
2023-08-02T04:31:17.527Z,8555272.00
2023-08-02T04:31:17.617Z,8555338.00
2023-08-02T04:31:17.717Z,8555275.00
2023-08-02T04:31:17.807Z,8555289.00
2023-08-02T04:31:17.897Z,8555365.00
2023-08-02T04:31:17.987Z,8555360.00
2023-08-02T04:31:18.077Z,8555341.00
2023-08-02T04:31:18.168Z,8555415.00
2023-08-02T04:31:18.257Z,8555336.00
2023-08-02T04:31:18.347Z,8555373.00
2023-08-02T04:31:18.437Z,8555370.00
2023-08-02T04:31:18.537Z,8555387.00
2023-08-02T04:31:18.627Z,8555315.00
2023-08-02T04:31:18.717Z,8555312.00
2023-08-02T04:31:18.807Z,8555363.00
2023-08-02T04:31:18.897Z,8555400.00
2023-08-02T04:31:18.987Z,8555461.00
2023-08-02T04:31:19.077Z,8555467.00
2023-08-02T04:31:19.167Z,8555461.00
2023-08-02T04:31:19.267Z,8555425.00
2023-08-02T04:31:19.357Z,8555335.00
2023-08-02T04:31:19.447Z,8555342.00
2023-08-02T04:31:19.537Z,8555345.00
2023-08-02T04:31:19.627Z,8555390.00
2023-08-02T04:31:19.717Z,8555429.00
2023-08-02T04:31:19.807Z,8555440.00
2023-08-02T04:31:19.897Z,8555370.00
2023-08-02T04:31:19.997Z,8555347.00
2023-08-02T04:31:20.087Z,8555344.00
2023-08-02T04:31:20.177Z,8555398.00
2023-08-02T04:31:20.267Z,8555381.00
2023-08-02T04:31:20.357Z,8555376.00
2023-08-02T04:31:20.447Z,8555410.00
2023-08-02T04:31:20.537Z,8555432.00
2023-08-02T04:31:20.627Z,8555449.00
2023-08-02T04:31:20.727Z,8555430.00
2023-08-02T04:31:20.817Z,8555402.00
2023-08-02T04:31:20.907Z,8555459.00
2023-08-02T04:31:20.997Z,8555338.00
2023-08-02T04:31:21.087Z,8555362.00
2023-08-02T04:31:21.177Z,8555364.00
2023-08-02T04:31:21.267Z,8555446.00
2023-08-02T04:31:21.357Z,8555493.00
2023-08-02T04:31:21.447Z,8555423.00
2023-08-02T04:31:21.547Z,8555385.00
2023-08-02T04:31:21.637Z,8555376.00
2023-08-02T04:31:21.727Z,8555383.00
2023-08-02T04:31:21.817Z,8555317.00
2023-08-02T04:31:21.907Z,8555298.00
2023-08-02T04:31:21.997Z,8555334.00
2023-08-02T04:31:22.087Z,8555374.00
2023-08-02T04:31:22.177Z,8555341.00
2023-08-02T04:31:22.277Z,8555428.00
2023-08-02T04:31:22.367Z,8555498.00
2023-08-02T04:31:22.457Z,8555629.00
2023-08-02T04:31:22.547Z,8555527.00
2023-08-02T04:31:22.637Z,8555431.00
2023-08-02T04:31:22.727Z,8555360.00
2023-08-02T04:31:22.817Z,8555359.00
2023-08-02T04:31:22.907Z,8555318.00
2023-08-02T04:31:22.997Z,8555348.00
2023-08-02T04:31:23.097Z,8555505.00
2023-08-02T04:31:23.187Z,8555408.00
2023-08-02T04:31:23.277Z,8555441.00
2023-08-02T04:31:23.367Z,8555422.00
2023-08-02T04:31:23.460Z,8555326.00
2023-08-02T04:31:23.548Z,8555366.00
2023-08-02T04:31:23.638Z,8555378.00
2023-08-02T04:31:23.728Z,8555409.00
2023-08-02T04:31:23.828Z,8555485.00
2023-08-02T04:31:23.918Z,8555451.00
2023-08-02T04:31:24.008Z,8555404.00
2023-08-02T04:31:24.098Z,8555423.00
2023-08-02T04:31:24.188Z,8555442.00
2023-08-02T04:31:24.278Z,8555408.00
2023-08-02T04:31:24.368Z,8555359.00
2023-08-02T04:31:24.458Z,8555510.00
2023-08-02T04:31:24.558Z,8555487.00
2023-08-02T04:31:24.648Z,8555387.00
2023-08-02T04:31:24.738Z,8555370.00
2023-08-02T04:31:24.828Z,8555436.00
2023-08-02T04:31:24.918Z,8555467.00
2023-08-02T04:31:25.008Z,8555513.00
2023-08-02T04:31:25.098Z,8555473.00
2023-08-02T04:31:25.188Z,8555440.00
2023-08-02T04:31:25.288Z,8555310.00
2023-08-02T04:31:25.378Z,8555329.00
2023-08-02T04:31:25.468Z,8555385.00
2023-08-02T04:31:25.558Z,8555492.00
2023-08-02T04:31:25.648Z,8555471.00
2023-08-02T04:31:25.738Z,8555459.00
2023-08-02T04:31:25.828Z,8555479.00
2023-08-02T04:31:25.918Z,8555513.00
2023-08-02T04:31:26.008Z,8555440.00
2023-08-02T04:31:26.108Z,8555422.00
2023-08-02T04:31:26.198Z,8555428.00
2023-08-02T04:31:26.288Z,8555422.00
2023-08-02T04:31:26.378Z,8555365.00
2023-08-02T04:31:26.468Z,8555356.00
2023-08-02T04:31:26.558Z,8555432.00
2023-08-02T04:31:26.648Z,8555459.00
2023-08-02T04:31:26.738Z,8555441.00
2023-08-02T04:31:26.838Z,8555490.00
2023-08-02T04:31:26.928Z,8555498.00
2023-08-02T04:31:27.018Z,8555518.00
2023-08-02T04:31:27.108Z,8555474.00
2023-08-02T04:31:27.198Z,8555404.00
2023-08-02T04:31:27.288Z,8555369.00
2023-08-02T04:31:27.378Z,8555449.00
2023-08-02T04:31:27.468Z,8555517.00
2023-08-02T04:31:27.568Z,8555529.00
2023-08-02T04:31:27.658Z,8555545.00
2023-08-02T04:31:27.748Z,8555546.00
2023-08-02T04:31:27.838Z,8555500.00
2023-08-02T04:31:27.928Z,8555410.00
2023-08-02T04:31:28.018Z,8555378.00
2023-08-02T04:31:28.108Z,8555422.00
2023-08-02T04:31:28.198Z,8555465.00
2023-08-02T04:31:28.288Z,8555561.00
2023-08-02T04:31:28.388Z,8555511.00
2023-08-02T04:31:28.478Z,8555492.00
2023-08-02T04:31:28.568Z,8555526.00
2023-08-02T04:31:28.658Z,8555511.00
2023-08-02T04:31:28.748Z,8555427.00
2023-08-02T04:31:28.838Z,8555398.00
2023-08-02T04:31:28.928Z,8555415.00
2023-08-02T04:31:29.018Z,8555417.00
2023-08-02T04:31:29.118Z,8555465.00
2023-08-02T04:31:29.208Z,8555468.00
2023-08-02T04:31:29.298Z,8555462.00
2023-08-02T04:31:29.388Z,8555482.00
2023-08-02T04:31:29.478Z,8555480.00
2023-08-02T04:31:29.568Z,8555510.00
2023-08-02T04:31:29.658Z,8555427.00
2023-08-02T04:31:29.748Z,8555401.00
2023-08-02T04:31:29.848Z,8555461.00
2023-08-02T04:31:29.938Z,8555472.00
2023-08-02T04:31:30.028Z,8555484.00
2023-08-02T04:31:30.118Z,8555527.00
2023-08-02T04:31:30.208Z,8555556.00
2023-08-02T04:31:30.298Z,8555480.00
2023-08-02T04:31:30.388Z,8555519.00
2023-08-02T04:31:30.478Z,8555529.00
2023-08-02T04:31:30.568Z,8555442.00
2023-08-02T04:31:30.668Z,8555374.00
2023-08-02T04:31:30.758Z,8555355.00
2023-08-02T04:31:30.848Z,8555472.00
2023-08-02T04:31:30.938Z,8555484.00
2023-08-02T04:31:31.028Z,8555367.00
2023-08-02T04:31:31.118Z,8555363.00
2023-08-02T04:31:31.208Z,8555433.00
2023-08-02T04:31:31.298Z,8555457.00
2023-08-02T04:31:31.398Z,8555364.00
2023-08-02T04:31:31.488Z,8555325.00
2023-08-02T04:31:31.578Z,8555418.00
2023-08-02T04:31:31.668Z,8555520.00
2023-08-02T04:31:31.758Z,8555439.00
2023-08-02T04:31:31.848Z,8555504.00
2023-08-02T04:31:31.938Z,8555532.00
2023-08-02T04:31:32.028Z,8555445.00
2023-08-02T04:31:32.128Z,8555348.00
2023-08-02T04:31:32.218Z,8555438.00
2023-08-02T04:31:32.308Z,8555538.00
2023-08-02T04:31:32.398Z,8555427.00
2023-08-02T04:31:32.488Z,8555445.00
2023-08-02T04:31:32.578Z,8555525.00
2023-08-02T04:31:32.668Z,8555507.00
2023-08-02T04:31:32.758Z,8555503.00
2023-08-02T04:31:32.848Z,8555399.00
2023-08-02T04:31:32.948Z,8555291.00
2023-08-02T04:31:33.038Z,8555363.00
2023-08-02T04:31:33.128Z,8555422.00
2023-08-02T04:31:33.218Z,8555432.00
2023-08-02T04:31:33.308Z,8555511.00
2023-08-02T04:31:33.398Z,8555545.00
2023-08-02T04:31:33.488Z,8555474.00
2023-08-02T04:31:33.578Z,8555476.00
2023-08-02T04:31:33.678Z,8555380.00
2023-08-02T04:31:33.768Z,8555369.00
2023-08-02T04:31:33.858Z,8555431.00
2023-08-02T04:31:33.948Z,8555470.00
2023-08-02T04:31:34.038Z,8555451.00
2023-08-02T04:31:34.128Z,8555502.00
2023-08-02T04:31:34.218Z,8555492.00
2023-08-02T04:31:34.308Z,8555466.00
2023-08-02T04:31:34.408Z,8555462.00
2023-08-02T04:31:34.498Z,8555391.00
2023-08-02T04:31:34.588Z,8555412.00
2023-08-02T04:31:34.678Z,8555448.00
2023-08-02T04:31:34.768Z,8555533.00
2023-08-02T04:31:34.858Z,8555532.00
2023-08-02T04:31:34.948Z,8555518.00
2023-08-02T04:31:35.038Z,8555457.00
2023-08-02T04:31:35.128Z,8555444.00
2023-08-02T04:31:35.228Z,8555447.00
2023-08-02T04:31:35.318Z,8555495.00
2023-08-02T04:31:35.408Z,8555500.00
2023-08-02T04:31:35.498Z,8555431.00
2023-08-02T04:31:35.588Z,8555479.00
2023-08-02T04:31:35.678Z,8555464.00
2023-08-02T04:31:35.768Z,8555434.00
2023-08-02T04:31:35.858Z,8555423.00
2023-08-02T04:31:35.958Z,8555424.00
2023-08-02T04:31:36.048Z,8555443.00
2023-08-02T04:31:36.138Z,8555414.00
2023-08-02T04:31:36.228Z,8555367.00
2023-08-02T04:31:36.318Z,8555465.00
2023-08-02T04:31:36.418Z,8555394.00
2023-08-02T04:31:36.498Z,8555340.00
2023-08-02T04:31:36.588Z,8555563.00
2023-08-02T04:31:36.688Z,8555556.00
2023-08-02T04:31:36.778Z,8555423.00
2023-08-02T04:31:36.868Z,8555348.00
2023-08-02T04:31:36.958Z,8555402.00
2023-08-02T04:31:37.048Z,8555463.00
2023-08-02T04:31:37.138Z,8555399.00
2023-08-02T04:31:37.228Z,8555410.00
2023-08-02T04:31:37.318Z,8555325.00
2023-08-02T04:31:37.408Z,8555352.00
2023-08-02T04:31:37.508Z,8555386.00
2023-08-02T04:31:37.598Z,8555419.00
2023-08-02T04:31:37.688Z,8555435.00
2023-08-02T04:31:37.778Z,8555421.00
2023-08-02T04:31:37.868Z,8555351.00
2023-08-02T04:31:37.958Z,8555414.00
2023-08-02T04:31:38.048Z,8555501.00
2023-08-02T04:31:38.138Z,8555406.00
2023-08-02T04:31:38.238Z,8555492.00
2023-08-02T04:31:38.328Z,8555508.00
2023-08-02T04:31:38.418Z,8555380.00
2023-08-02T04:31:38.507Z,8555367.00
2023-08-02T04:31:38.597Z,8555466.00
2023-08-02T04:31:38.687Z,8555549.00
2023-08-02T04:31:38.777Z,8555410.00
2023-08-02T04:31:38.867Z,8555323.00
2023-08-02T04:31:38.967Z,8555401.00
2023-08-02T04:31:39.057Z,8555414.00
2023-08-02T04:31:39.147Z,8555404.00
2023-08-02T04:31:39.237Z,8555410.00
2023-08-02T04:31:39.327Z,8555480.00
2023-08-02T04:31:39.417Z,8555540.00
2023-08-02T04:31:39.507Z,8555400.00
2023-08-02T04:31:39.597Z,8555374.00
2023-08-02T04:31:39.687Z,8555428.00
2023-08-02T04:31:39.787Z,8555397.00
2023-08-02T04:31:39.877Z,8555431.00
2023-08-02T04:31:39.967Z,8555432.00
2023-08-02T04:31:40.057Z,8555424.00
2023-08-02T04:31:40.147Z,8555501.00
2023-08-02T04:31:40.237Z,8555528.00
2023-08-02T04:31:40.327Z,8555376.00
2023-08-02T04:31:40.417Z,8555382.00
2023-08-02T04:31:40.517Z,8555414.00
2023-08-02T04:31:40.607Z,8555441.00
2023-08-02T04:31:40.697Z,8555479.00
2023-08-02T04:31:40.787Z,8555486.00
2023-08-02T04:31:40.877Z,8555402.00
2023-08-02T04:31:40.967Z,8555422.00
2023-08-02T04:31:41.057Z,8555354.00
2023-08-02T04:31:41.147Z,8555368.00
2023-08-02T04:31:41.247Z,8555422.00
2023-08-02T04:31:41.337Z,8555380.00
2023-08-02T04:31:41.427Z,8555295.00
2023-08-02T04:31:41.517Z,8555267.00
2023-08-02T04:31:41.607Z,8555290.00
2023-08-02T04:31:41.697Z,8555359.00
2023-08-02T04:31:41.787Z,8555299.00
2023-08-02T04:31:41.877Z,8555370.00
2023-08-02T04:31:41.977Z,8555417.00
2023-08-02T04:31:42.067Z,8555397.00
2023-08-02T04:31:42.157Z,8555386.00
2023-08-02T04:31:42.247Z,8555371.00
2023-08-02T04:31:42.337Z,8555440.00
2023-08-02T04:31:42.427Z,8555438.00
2023-08-02T04:31:42.517Z,8555456.00
2023-08-02T04:31:42.607Z,8555336.00
2023-08-02T04:31:42.697Z,8555246.00
2023-08-02T04:31:42.797Z,8555271.00
2023-08-02T04:31:42.887Z,8555329.00
2023-08-02T04:31:42.977Z,8555335.00
2023-08-02T04:31:43.067Z,8555328.00
2023-08-02T04:31:43.157Z,8555316.00
2023-08-02T04:31:43.247Z,8555374.00
2023-08-02T04:31:43.337Z,8555410.00
2023-08-02T04:31:43.427Z,8555486.00
2023-08-02T04:31:43.527Z,8555418.00
2023-08-02T04:31:43.617Z,8555349.00
2023-08-02T04:31:43.707Z,8555395.00
2023-08-02T04:31:43.797Z,8555440.00
2023-08-02T04:31:43.887Z,8555416.00
2023-08-02T04:31:43.977Z,8555424.00
2023-08-02T04:31:44.067Z,8555451.00
2023-08-02T04:31:44.157Z,8555464.00
2023-08-02T04:31:44.247Z,8555433.00
2023-08-02T04:31:44.347Z,8555349.00
2023-08-02T04:31:44.437Z,8555404.00
2023-08-02T04:31:44.527Z,8555461.00
2023-08-02T04:31:44.617Z,8555404.00
2023-08-02T04:31:44.707Z,8555314.00
2023-08-02T04:31:44.797Z,8555312.00
2023-08-02T04:31:44.887Z,8555359.00
2023-08-02T04:31:44.977Z,8555426.00
2023-08-02T04:31:45.077Z,8555431.00
2023-08-02T04:31:45.167Z,8555384.00
2023-08-02T04:31:45.257Z,8555324.00
2023-08-02T04:31:45.347Z,8555358.00
2023-08-02T04:31:45.437Z,8555314.00
2023-08-02T04:31:45.527Z,8555352.00
2023-08-02T04:31:45.617Z,8555416.00
2023-08-02T04:31:45.707Z,8555408.00
2023-08-02T04:31:45.807Z,8555397.00
2023-08-02T04:31:45.897Z,8555453.00
2023-08-02T04:31:45.987Z,8555370.00
2023-08-02T04:31:46.077Z,8555345.00
2023-08-02T04:31:46.167Z,8555352.00
2023-08-02T04:31:46.257Z,8555360.00
2023-08-02T04:31:46.347Z,8555344.00
2023-08-02T04:31:46.437Z,8555283.00
2023-08-02T04:31:46.537Z,8555232.00
2023-08-02T04:31:46.627Z,8555308.00
2023-08-02T04:31:46.717Z,8555516.00
2023-08-02T04:31:46.807Z,8555458.00
2023-08-02T04:31:46.897Z,8555408.00
2023-08-02T04:31:46.987Z,8555439.00
2023-08-02T04:31:47.077Z,8555445.00
2023-08-02T04:31:47.167Z,8555332.00
2023-08-02T04:31:47.257Z,8555258.00
2023-08-02T04:31:47.357Z,8555330.00
2023-08-02T04:31:47.447Z,8555231.00
2023-08-02T04:31:47.537Z,8555149.00
2023-08-02T04:31:47.627Z,8555283.00
2023-08-02T04:31:47.718Z,8555400.00
2023-08-02T04:31:47.807Z,8555401.00
2023-08-02T04:31:47.897Z,8555415.00
2023-08-02T04:31:47.987Z,8555451.00
2023-08-02T04:31:48.087Z,8555398.00
2023-08-02T04:31:48.177Z,8555308.00
2023-08-02T04:31:48.267Z,8555339.00
2023-08-02T04:31:48.357Z,8555404.00
2023-08-02T04:31:48.447Z,8555350.00
2023-08-02T04:31:48.537Z,8555399.00
2023-08-02T04:31:48.627Z,8555428.00
2023-08-02T04:31:48.717Z,8555375.00
2023-08-02T04:31:48.817Z,8555402.00
2023-08-02T04:31:48.907Z,8555372.00
2023-08-02T04:31:48.997Z,8555354.00
2023-08-02T04:31:49.087Z,8555382.00
2023-08-02T04:31:49.177Z,8555370.00
2023-08-02T04:31:49.267Z,8555414.00
2023-08-02T04:31:49.357Z,8555354.00
2023-08-02T04:31:49.447Z,8555374.00
2023-08-02T04:31:49.537Z,8555362.00
2023-08-02T04:31:49.637Z,8555367.00
2023-08-02T04:31:49.727Z,8555365.00
2023-08-02T04:31:49.817Z,8555391.00
2023-08-02T04:31:49.907Z,8555339.00
2023-08-02T04:31:49.997Z,8555302.00
2023-08-02T04:31:50.087Z,8555348.00
2023-08-02T04:31:50.177Z,8555240.00
2023-08-02T04:31:50.267Z,8555286.00
2023-08-02T04:31:50.367Z,8555425.00
2023-08-02T04:31:50.457Z,8555422.00
2023-08-02T04:31:50.547Z,8555289.00
2023-08-02T04:31:50.637Z,8555146.00
2023-08-02T04:31:50.727Z,8555220.00
2023-08-02T04:31:50.817Z,8555276.00
2023-08-02T04:31:50.907Z,8555317.00
2023-08-02T04:31:50.997Z,8555395.00
2023-08-02T04:31:51.097Z,8555316.00
2023-08-02T04:31:51.187Z,8555323.00
2023-08-02T04:31:51.277Z,8555344.00
2023-08-02T04:31:51.367Z,8555329.00
2023-08-02T04:31:51.457Z,8555300.00
2023-08-02T04:31:51.547Z,8555337.00
2023-08-02T04:31:51.637Z,8555322.00
2023-08-02T04:31:51.727Z,8555302.00
2023-08-02T04:31:51.827Z,8555332.00
2023-08-02T04:31:51.917Z,8555337.00
2023-08-02T04:31:52.007Z,8555309.00
2023-08-02T04:31:52.097Z,8555334.00
2023-08-02T04:31:52.187Z,8555329.00
2023-08-02T04:31:52.277Z,8555335.00
2023-08-02T04:31:52.367Z,8555395.00
2023-08-02T04:31:52.457Z,8555455.00
2023-08-02T04:31:52.547Z,8555393.00
2023-08-02T04:31:52.647Z,8555301.00
2023-08-02T04:31:52.737Z,8555307.00
2023-08-02T04:31:52.827Z,8555336.00
2023-08-02T04:31:52.917Z,8555280.00
2023-08-02T04:31:53.007Z,8555343.00
2023-08-02T04:31:53.097Z,8555418.00
2023-08-02T04:31:53.187Z,8555432.00
2023-08-02T04:31:53.277Z,8555412.00
2023-08-02T04:31:53.377Z,8555338.00
2023-08-02T04:31:53.470Z,8555383.00
2023-08-02T04:31:53.547Z,8555435.00
2023-08-02T04:31:53.647Z,8555378.00
2023-08-02T04:31:53.737Z,8555315.00
2023-08-02T04:31:53.827Z,8555317.00
2023-08-02T04:31:53.917Z,8555430.00
2023-08-02T04:31:54.007Z,8555466.00
2023-08-02T04:31:54.107Z,8555419.00
2023-08-02T04:31:54.197Z,8555357.00
2023-08-02T04:31:54.287Z,8555367.00
2023-08-02T04:31:54.377Z,8555378.00
2023-08-02T04:31:54.467Z,8555354.00
2023-08-02T04:31:54.557Z,8555324.00
2023-08-02T04:31:54.647Z,8555373.00
2023-08-02T04:31:54.737Z,8555370.00
2023-08-02T04:31:54.827Z,8555423.00
2023-08-02T04:31:54.927Z,8555433.00
2023-08-02T04:31:55.017Z,8555323.00
2023-08-02T04:31:55.107Z,8555283.00
2023-08-02T04:31:55.197Z,8555438.00
2023-08-02T04:31:55.287Z,8555394.00
2023-08-02T04:31:55.377Z,8555311.00
2023-08-02T04:31:55.467Z,8555340.00
2023-08-02T04:31:55.557Z,8555357.00
2023-08-02T04:31:55.657Z,8555325.00
2023-08-02T04:31:55.747Z,8555356.00
2023-08-02T04:31:55.837Z,8555423.00
2023-08-02T04:31:55.927Z,8555425.00
2023-08-02T04:31:56.017Z,8555403.00
2023-08-02T04:31:56.107Z,8555307.00
2023-08-02T04:31:56.197Z,8555364.00
2023-08-02T04:31:56.287Z,8555396.00
2023-08-02T04:31:56.387Z,8555392.00
2023-08-02T04:31:56.477Z,8555467.00
2023-08-02T04:31:56.567Z,8555428.00
2023-08-02T04:31:56.657Z,8555342.00
2023-08-02T04:31:56.747Z,8555275.00
2023-08-02T04:31:56.837Z,8555280.00
2023-08-02T04:31:56.927Z,8555287.00
2023-08-02T04:31:57.017Z,8555271.00
2023-08-02T04:31:57.117Z,8555356.00
2023-08-02T04:31:57.207Z,8555420.00
2023-08-02T04:31:57.297Z,8555449.00
2023-08-02T04:31:57.387Z,8555388.00
2023-08-02T04:31:57.477Z,8555425.00
2023-08-02T04:31:57.567Z,8555395.00
2023-08-02T04:31:57.657Z,8555307.00
2023-08-02T04:31:57.747Z,8555298.00
2023-08-02T04:31:57.837Z,8555313.00
2023-08-02T04:31:57.937Z,8555332.00
2023-08-02T04:31:58.027Z,8555401.00
2023-08-02T04:31:58.117Z,8555381.00
2023-08-02T04:31:58.207Z,8555349.00
2023-08-02T04:31:58.297Z,8555434.00
2023-08-02T04:31:58.387Z,8555405.00
2023-08-02T04:31:58.477Z,8555302.00
2023-08-02T04:31:58.567Z,8555470.00
2023-08-02T04:31:58.667Z,8555330.00
2023-08-02T04:31:58.757Z,8555334.00
2023-08-02T04:31:58.847Z,8555357.00
2023-08-02T04:31:58.937Z,8555383.00
2023-08-02T04:31:59.027Z,8555369.00
2023-08-02T04:31:59.117Z,8555346.00
2023-08-02T04:31:59.207Z,8555380.00
2023-08-02T04:31:59.297Z,8555353.00
2023-08-02T04:31:59.397Z,8555287.00
2023-08-02T04:31:59.487Z,8555322.00
2023-08-02T04:31:59.577Z,8555326.00
2023-08-02T04:31:59.667Z,8555272.00
2023-08-02T04:31:59.757Z,8555239.00
2023-08-02T04:31:59.847Z,8555347.00
2023-08-02T04:31:59.937Z,8555370.00
